{"parish_name": "\u00c1rea Pastoral Santo Ant\u00f4nio de P\u00e1dua", "location": "Cai\u00e7ara", "region": "sertao-sao-francisco-das-chagas", "parish_url": "https://www.arquidiocesedefortaleza.org.br/arquidiocese/regioes/regiao-sertao-sao-francisco-das-chagas/paroquias-da-regiao/area-pastoral-santo-antonio-de-padua-caicara-caninde/", "region_url": "https://www.arquidiocesedefortaleza.org.br/arquidiocese/regioes/regiao-sertao-sao-francisco-das-chagas/paroquias-da-regiao/"}
{"parish_name": "\u00c1rea Pastoral S\u00e3o Pedro", "location": "Alto Guaramiranga", "region": "sertao-sao-francisco-das-chagas", "parish_url": "https://www.arquidiocesedefortaleza.org.br/arquidiocese/regioes/regiao-sertao-sao-francisco-das-chagas/paroquias-da-regiao/area-pastoral-sao-pedro-alto-guaramiranga-caninde/", "region_url": "https://www.arquidiocesedefortaleza.org.br/arquidiocese/regioes/regiao-sertao-sao-francisco-das-chagas/paroquias-da-regiao/"}
{"parish_name": "Par\u00f3quia de S\u00e3o Jos\u00e9", "location": "Bela Vista", "region": "sertao-sao-francisco-das-chagas", "parish_url": "https://www.arquidiocesedefortaleza.org.br/arquidiocese/regioes/regiao-sertao-sao-francisco-das-chagas/paroquias-da-regiao/paroquia-de-sao-jose-bela-vista-caninde/", "region_url": "https://www.arquidiocesedefortaleza.org.br/arquidiocese/regioes/regiao-sertao-sao-francisco-das-chagas/paroquias-da-regiao/"}
{"parish_name": "Santu\u00e1rio-Bas\u00edlica de S\u00e3o Francisco das Chagas", "location": "Centro", "region": "sertao-sao-francisco-das-chagas", "parish_url": "https://www.arquidiocesedefortaleza.org.br/arquidiocese/regioes/regiao-sertao-sao-francisco-das-chagas/paroquias-da-regiao/santuario-sao-francisco-das-chagas/", "region_url": "https://www.arquidiocesedefortaleza.org.br/arquidiocese/regioes/regiao-sertao-sao-francisco-das-chagas/paroquias-da-regiao/"}
{"parish_name": "Par\u00f3quia Santo Ant\u00f4nio", "location": "Centro", "region": "sertao-sao-francisco-das-chagas", "parish_url": "https://www.arquidiocesedefortaleza.org.br/arquidiocese/regioes/regiao-sertao-sao-francisco-das-chagas/paroquias-da-regiao/paroquia-santo-antonio-caridade/", "region_url": "https://www.arquidiocesedefortaleza.org.br/arquidiocese/regioes/regiao-sertao-sao-francisco-das-chagas/paroquias-da-regiao/"}
{"parish_name": "Par\u00f3quia Nossa Senhora das Dores", "location": "Campos Belos", "region": "sertao-sao-francisco-das-chagas", "parish_url": "https://www.arquidiocesedefortaleza.org.br/arquidiocese/regioes/regiao-sertao-sao-francisco-das-chagas/paroquias-da-regiao/paroquia-nossa-senhora-das-dores-campos-belos-caridade/", "region_url": "https://www.arquidiocesedefortaleza.org.br/arquidiocese/regioes/regiao-sertao-sao-francisco-das-chagas/paroquias-da-regiao/"}
{"parish_name": "Par\u00f3quia S\u00e3o Francisco das Chagas", "location": "Centro", "region": "sertao-sao-francisco-das-chagas", "parish_url": "https://www.arquidiocesedefortaleza.org.br/arquidiocese/regioes/regiao-sertao-sao-francisco-das-chagas/paroquias-da-regiao/paroquia-sao-francisco-das-chagas-caninde/", "region_url": "https://www.arquidiocesedefortaleza.org.br/arquidiocese/regioes/regiao-sertao-sao-francisco-das-chagas/paroquias-da-regiao/"}
{"parish_name": "Par\u00f3quia S\u00e3o Miguel Arcanjo", "location": "Itapebu\u00e7u", "region": "sertao-sao-francisco-das-chagas", "parish_url": "https://www.arquidiocesedefortaleza.org.br/arquidiocese/regioes/regiao-sertao-sao-francisco-das-chagas/paroquias-da-regiao/paroquia-sao-miguel-arcanjo-itapebucu/", "region_url": "https://www.arquidiocesedefortaleza.org.br/arquidiocese/regioes/regiao-sertao-sao-francisco-das-chagas/paroquias-da-regiao/"}
{"parish_name": "Par\u00f3quia Senhora Santana", "location": "Centro", "region": "sertao-sao-francisco-das-chagas", "parish_url": "https://www.arquidiocesedefortaleza.org.br/arquidiocese/regioes/regiao-sertao-sao-francisco-das-chagas/paroquias-da-regiao/paroquia-senhora-santana-paramoti/", "region_url": "https://www.arquidiocesedefortaleza.org.br/arquidiocese/regioes/regiao-sertao-sao-francisco-das-chagas/paroquias-da-regiao/"}
{"parish_name": "Par\u00f3quia Santa Teresinha do Menino Jesus", "location": "Vicente Pinzon", "region": "metropolitana-sao-jose", "parish_url": "https://www.arquidiocesedefortaleza.org.br/arquidiocese/regioes/regiao-metropolitana-sao-jose/paroquias-da-regiao-sao-jose/paroquia-santa-teresinha-do-menino-jesus-vicente-pinzon-fortaleza/", "region_url": "https://www.arquidiocesedefortaleza.org.br/arquidiocese/regioes/regiao-metropolitana-sao-jose/paroquias-da-regiao-sao-jose/"}
{"parish_name": "Par\u00f3quia S\u00e3o Jos\u00e9", "location": "Papicu", "region": "metropolitana-sao-jose", "parish_url": "https://www.arquidiocesedefortaleza.org.br/arquidiocese/regioes/regiao-metropolitana-sao-jose/paroquias-da-regiao-sao-jose/paroquia-sao-jose-papicu/", "region_url": "https://www.arquidiocesedefortaleza.org.br/arquidiocese/regioes/regiao-metropolitana-sao-jose/paroquias-da-regiao-sao-jose/"}
{"parish_name": "Par\u00f3quia Cristo Rei", "location": "Aldeota", "region": "metropolitana-sao-jose", "parish_url": "https://www.arquidiocesedefortaleza.org.br/arquidiocese/regioes/regiao-metropolitana-sao-jose/paroquias-da-regiao-sao-jose/paroquia-cristo-rei/", "region_url": "https://www.arquidiocesedefortaleza.org.br/arquidiocese/regioes/regiao-metropolitana-sao-jose/paroquias-da-regiao-sao-jose/"}
{"parish_name": "Par\u00f3quia Nossa Senhora de Lourdes", "location": "Ellery", "region": "metropolitana-sao-jose", "parish_url": "https://www.arquidiocesedefortaleza.org.br/arquidiocese/regioes/regiao-metropolitana-sao-jose/paroquias-da-regiao-sao-jose/paroquia-nossa-senhora-de-lourdes-ellery/", "region_url": "https://www.arquidiocesedefortaleza.org.br/arquidiocese/regioes/regiao-metropolitana-sao-jose/paroquias-da-regiao-sao-jose/"}
{"parish_name": "Par\u00f3quia Divino Esp\u00edrito Santo", "location": "Cidade 2000", "region": "metropolitana-sao-jose", "parish_url": "https://www.arquidiocesedefortaleza.org.br/arquidiocese/regioes/regiao-metropolitana-sao-jose/paroquias-da-regiao-sao-jose/paroquia-divino-espirito-santo/", "region_url": "https://www.arquidiocesedefortaleza.org.br/arquidiocese/regioes/regiao-metropolitana-sao-jose/paroquias-da-regiao-sao-jose/"}
{"parish_name": "Par\u00f3quia Nossa Senhora da Paz", "location": "Aldeota", "region": "metropolitana-sao-jose", "parish_url": "https://www.arquidiocesedefortaleza.org.br/arquidiocese/regioes/regiao-metropolitana-sao-jose/paroquias-da-regiao-sao-jose/paroquia-nossa-senhora-da-paz/", "region_url": "https://www.arquidiocesedefortaleza.org.br/arquidiocese/regioes/regiao-metropolitana-sao-jose/paroquias-da-regiao-sao-jose/"}
{"parish_name": "Par\u00f3quia Nossa Senhora dos Rem\u00e9dios", "location": "Benfica", "region": "metropolitana-sao-jose", "parish_url": "https://www.arquidiocesedefortaleza.org.br/arquidiocese/regioes/regiao-metropolitana-sao-jose/paroquias-da-regiao-sao-jose/paroquia-nossa-senhora-dos-remedios-benfica/", "region_url": "https://www.arquidiocesedefortaleza.org.br/arquidiocese/regioes/regiao-metropolitana-sao-jose/paroquias-da-regiao-sao-jose/"}
{"parish_name": "Par\u00f3quia Nossa Senhora do Carmo", "location": "Centro", "region": "metropolitana-sao-jose", "parish_url": "https://www.arquidiocesedefortaleza.org.br/arquidiocese/regioes/regiao-metropolitana-sao-jose/paroquias-da-regiao-sao-jose/paroquia-nossa-senhora-do-carmo/", "region_url": "https://www.arquidiocesedefortaleza.org.br/arquidiocese/regioes/regiao-metropolitana-sao-jose/paroquias-da-regiao-sao-jose/"}
{"parish_name": "Par\u00f3quia Nossa Senhora da Piedade", "location": "Joaquim T\u00e1vora", "region": "metropolitana-sao-jose", "parish_url": "https://www.arquidiocesedefortaleza.org.br/arquidiocese/regioes/regiao-metropolitana-sao-jose/paroquias-da-regiao-sao-jose/paroquia-nossa-senhora-da-piedade-joaquim-tavora/", "region_url": "https://www.arquidiocesedefortaleza.org.br/arquidiocese/regioes/regiao-metropolitana-sao-jose/paroquias-da-regiao-sao-jose/"}
{"parish_name": "Par\u00f3quia Nossa Senhora da Sa\u00fade", "location": "Mucuripe", "region": "metropolitana-sao-jose", "parish_url": "https://www.arquidiocesedefortaleza.org.br/arquidiocese/regioes/regiao-metropolitana-sao-jose/paroquias-da-regiao-sao-jose/paroquia-nossa-senhora-da-saude/", "region_url": "https://www.arquidiocesedefortaleza.org.br/arquidiocese/regioes/regiao-metropolitana-sao-jose/paroquias-da-regiao-sao-jose/"}
{"parish_name": "Santu\u00e1rio Sagrado Cora\u00e7\u00e3o de Jesus", "location": "Centro", "region": "metropolitana-sao-jose", "parish_url": "https://www.arquidiocesedefortaleza.org.br/arquidiocese/regioes/regiao-metropolitana-sao-jose/paroquias-da-regiao-sao-jose/santuario-sagrado-coracao-de-jesus-centro/", "region_url": "https://www.arquidiocesedefortaleza.org.br/arquidiocese/regioes/regiao-metropolitana-sao-jose/paroquias-da-regiao-sao-jose/"}
{"parish_name": "Par\u00f3quia Nossa Senhora das Dores", "location": "Ot\u00e1vio Bonfim", "region": "metropolitana-sao-jose", "parish_url": "https://www.arquidiocesedefortaleza.org.br/arquidiocese/regioes/regiao-metropolitana-sao-jose/paroquias-da-regiao-sao-jose/paroquia-nossa-senhora-das-dores-otavio-bonfim/", "region_url": "https://www.arquidiocesedefortaleza.org.br/arquidiocese/regioes/regiao-metropolitana-sao-jose/paroquias-da-regiao-sao-jose/"}
{"parish_name": "Par\u00f3quia S\u00e3o Benedito e Nossa Senhora do Patroc\u00ednio \u2013 Santu\u00e1rio Arquidiocesano de Adora\u00e7\u00e3o", "location": "Centro", "region": "metropolitana-sao-jose", "parish_url": "https://www.arquidiocesedefortaleza.org.br/arquidiocese/regioes/regiao-metropolitana-sao-jose/paroquias-da-regiao-sao-jose/santuario-de-adoracao-paroquia-sao-benedito/", "region_url": "https://www.arquidiocesedefortaleza.org.br/arquidiocese/regioes/regiao-metropolitana-sao-jose/paroquias-da-regiao-sao-jose/"}
{"parish_name": "Par\u00f3quia Nossa Senhora de F\u00e1tima", "location": "F\u00e1tima", "region": "metropolitana-sao-jose", "parish_url": "https://www.arquidiocesedefortaleza.org.br/arquidiocese/regioes/regiao-metropolitana-sao-jose/paroquias-da-regiao-sao-jose/paroquia-nossa-senhora-de-fatima-fatima/", "region_url": "https://www.arquidiocesedefortaleza.org.br/arquidiocese/regioes/regiao-metropolitana-sao-jose/paroquias-da-regiao-sao-jose/"}
{"parish_name": "Par\u00f3quia S\u00e3o Jos\u00e9", "location": "Catedral Metropolitana de Fortaleza", "region": "metropolitana-sao-jose", "parish_url": "https://www.arquidiocesedefortaleza.org.br/arquidiocese/regioes/regiao-metropolitana-sao-jose/paroquias-da-regiao-sao-jose/paroquia-sao-jose-catedral-metropolitana-de-fortaleza/", "region_url": "https://www.arquidiocesedefortaleza.org.br/arquidiocese/regioes/regiao-metropolitana-sao-jose/paroquias-da-regiao-sao-jose/"}
{"parish_name": "Par\u00f3quia Nossa Senhora de Lourdes", "location": "De Lourdes", "region": "metropolitana-sao-jose", "parish_url": "https://www.arquidiocesedefortaleza.org.br/arquidiocese/regioes/regiao-metropolitana-sao-jose/paroquias-da-regiao-sao-jose/paroquia-nossa-senhora-de-lourdes-dunas/", "region_url": "https://www.arquidiocesedefortaleza.org.br/arquidiocese/regioes/regiao-metropolitana-sao-jose/paroquias-da-regiao-sao-jose/"}
{"parish_name": "Par\u00f3quia S\u00e3o Vicente de Paulo", "location": "Dion\u00edsio Torres", "region": "metropolitana-sao-jose", "parish_url": "https://www.arquidiocesedefortaleza.org.br/arquidiocese/regioes/regiao-metropolitana-sao-jose/paroquias-da-regiao-sao-jose/paroquia-sao-vicente-de-paulo-dionisio-torres/", "region_url": "https://www.arquidiocesedefortaleza.org.br/arquidiocese/regioes/regiao-metropolitana-sao-jose/paroquias-da-regiao-sao-jose/"}
{"parish_name": "Par\u00f3quia S\u00e3o Francisco de Assis", "location": "Jacarecanga", "region": "metropolitana-sao-jose", "parish_url": "https://www.arquidiocesedefortaleza.org.br/arquidiocese/regioes/regiao-metropolitana-sao-jose/paroquias-da-regiao-sao-jose/paroquia-sao-francisco-de-assis-nossa-senhora-dos-navegantes-jacarecanga/", "region_url": "https://www.arquidiocesedefortaleza.org.br/arquidiocese/regioes/regiao-metropolitana-sao-jose/paroquias-da-regiao-sao-jose/"}
{"parish_name": "Par\u00f3quia Nossa Senhora do L\u00edbano", "location": "Meireles", "region": "metropolitana-sao-jose", "parish_url": "https://www.arquidiocesedefortaleza.org.br/arquidiocese/regioes/regiao-metropolitana-sao-jose/paroquias-da-regiao-sao-jose/paroquia-nossa-senhora-do-libano-meireles/", "region_url": "https://www.arquidiocesedefortaleza.org.br/arquidiocese/regioes/regiao-metropolitana-sao-jose/paroquias-da-regiao-sao-jose/"}
{"parish_name": "Par\u00f3quia Senhor do Bonfim", "location": "Monte Castelo", "region": "metropolitana-sao-jose", "parish_url": "https://www.arquidiocesedefortaleza.org.br/arquidiocese/regioes/regiao-metropolitana-sao-jose/paroquias-da-regiao-sao-jose/paroquia-senhor-do-bonfim/", "region_url": "https://www.arquidiocesedefortaleza.org.br/arquidiocese/regioes/regiao-metropolitana-sao-jose/paroquias-da-regiao-sao-jose/"}
{"parish_name": "Par\u00f3quia Santo Afonso de Lig\u00f3rio", "location": "Parquel\u00e2ndia", "region": "metropolitana-sao-jose", "parish_url": "https://www.arquidiocesedefortaleza.org.br/arquidiocese/regioes/regiao-metropolitana-sao-jose/paroquias-da-regiao-sao-jose/paroquia-santo-afonso-de-ligorio-parquelandia/", "region_url": "https://www.arquidiocesedefortaleza.org.br/arquidiocese/regioes/regiao-metropolitana-sao-jose/paroquias-da-regiao-sao-jose/"}
{"parish_name": "Par\u00f3quia S\u00e3o Gerardo Majella", "location": "S\u00e3o Gerardo", "region": "metropolitana-sao-jose", "parish_url": "https://www.arquidiocesedefortaleza.org.br/arquidiocese/regioes/regiao-metropolitana-sao-jose/paroquias-da-regiao-sao-jose/paroquia-sao-gerardo-majella/", "region_url": "https://www.arquidiocesedefortaleza.org.br/arquidiocese/regioes/regiao-metropolitana-sao-jose/paroquias-da-regiao-sao-jose/"}
{"parish_name": "Par\u00f3quia Santa Luzia", "location": "Meireles", "region": "metropolitana-sao-jose", "parish_url": "https://www.arquidiocesedefortaleza.org.br/arquidiocese/regioes/regiao-metropolitana-sao-jose/paroquias-da-regiao-sao-jose/paroquia-santa-luzia-meireles/", "region_url": "https://www.arquidiocesedefortaleza.org.br/arquidiocese/regioes/regiao-metropolitana-sao-jose/paroquias-da-regiao-sao-jose/"}
{"parish_name": "Par\u00f3quia de Nossa Senhora Aparecida", "location": "Praia do Futuro", "region": "metropolitana-sao-jose", "parish_url": "https://www.arquidiocesedefortaleza.org.br/arquidiocese/regioes/regiao-metropolitana-sao-jose/paroquias-da-regiao-sao-jose/paroquia-nossa-senhora-aparecida/", "region_url": "https://www.arquidiocesedefortaleza.org.br/arquidiocese/regioes/regiao-metropolitana-sao-jose/paroquias-da-regiao-sao-jose/"}
{"parish_name": "Par\u00f3quia S\u00e3o Jo\u00e3o Batista", "location": "Tauape", "region": "metropolitana-sao-jose", "parish_url": "https://www.arquidiocesedefortaleza.org.br/arquidiocese/regioes/regiao-metropolitana-sao-jose/paroquias-da-regiao-sao-jose/paroquia-sao-joao-batista/", "region_url": "https://www.arquidiocesedefortaleza.org.br/arquidiocese/regioes/regiao-metropolitana-sao-jose/paroquias-da-regiao-sao-jose/"}
{"parish_name": "\u00c1rea Pastoral S\u00e3o Pedro e S\u00e3o Paulo", "location": "Capim de Ro\u00e7a", "region": "praia-sao-pedro-e-sao-paulo", "parish_url": "https://www.arquidiocesedefortaleza.org.br/arquidiocese/regioes/regiao-praia-sao-pedro-e-sao-paulo/paroquias-da-regiao/area-pastoral-sao-pedro-e-sao-paulo-capim-de-roca/", "region_url": "https://www.arquidiocesedefortaleza.org.br/arquidiocese/regioes/regiao-praia-sao-pedro-e-sao-paulo/paroquias-da-regiao/"}
{"parish_name": "Par\u00f3quia Nossa Senhora de F\u00e1tima", "location": "Lagoa Seca", "region": "praia-sao-pedro-e-sao-paulo", "parish_url": "https://www.arquidiocesedefortaleza.org.br/arquidiocese/regioes/regiao-praia-sao-pedro-e-sao-paulo/paroquias-da-regiao/paroquia-nossa-senhora-de-fatima-lagoa-seca-pacajus/", "region_url": "https://www.arquidiocesedefortaleza.org.br/arquidiocese/regioes/regiao-praia-sao-pedro-e-sao-paulo/paroquias-da-regiao/"}
{"parish_name": "Par\u00f3quia S\u00e3o Jo\u00e3o Batista", "location": "Jacarecoara", "region": "praia-sao-pedro-e-sao-paulo", "parish_url": "https://www.arquidiocesedefortaleza.org.br/arquidiocese/regioes/regiao-praia-sao-pedro-e-sao-paulo/paroquias-da-regiao/paroquia-sao-joao-batista-jacarecoara-cascavel/", "region_url": "https://www.arquidiocesedefortaleza.org.br/arquidiocese/regioes/regiao-praia-sao-pedro-e-sao-paulo/paroquias-da-regiao/"}
{"parish_name": "Par\u00f3quia S\u00e3o Jos\u00e9", "location": "Alto Luminoso", "region": "praia-sao-pedro-e-sao-paulo", "parish_url": "https://www.arquidiocesedefortaleza.org.br/arquidiocese/regioes/regiao-praia-sao-pedro-e-sao-paulo/paroquias-da-regiao/paroquia-sao-jose-alto-luminoso-cascavel/", "region_url": "https://www.arquidiocesedefortaleza.org.br/arquidiocese/regioes/regiao-praia-sao-pedro-e-sao-paulo/paroquias-da-regiao/"}
{"parish_name": "Par\u00f3quia Bom Jesus dos Navegantes", "location": "Parajuru", "region": "praia-sao-pedro-e-sao-paulo", "parish_url": "https://www.arquidiocesedefortaleza.org.br/arquidiocese/regioes/regiao-praia-sao-pedro-e-sao-paulo/paroquias-da-regiao/paroquia-bom-jesus-dos-navegantes-parajuru/", "region_url": "https://www.arquidiocesedefortaleza.org.br/arquidiocese/regioes/regiao-praia-sao-pedro-e-sao-paulo/paroquias-da-regiao/"}
{"parish_name": "Par\u00f3quia S\u00e3o Jos\u00e9", "location": "Dourado", "region": "praia-sao-pedro-e-sao-paulo", "parish_url": "https://www.arquidiocesedefortaleza.org.br/arquidiocese/regioes/regiao-praia-sao-pedro-e-sao-paulo/paroquias-da-regiao/sao-jose-dourado-horizonte/", "region_url": "https://www.arquidiocesedefortaleza.org.br/arquidiocese/regioes/regiao-praia-sao-pedro-e-sao-paulo/paroquias-da-regiao/"}
{"parish_name": "Par\u00f3quia Jesus", "location": "Maria", "region": "praia-sao-pedro-e-sao-paulo", "parish_url": "https://www.arquidiocesedefortaleza.org.br/arquidiocese/regioes/regiao-praia-sao-pedro-e-sao-paulo/paroquias-da-regiao/paroquia-jesus-maria-jose-beberibe/", "region_url": "https://www.arquidiocesedefortaleza.org.br/arquidiocese/regioes/regiao-praia-sao-pedro-e-sao-paulo/paroquias-da-regiao/"}
{"parish_name": "Par\u00f3quia Nossa Senhora da Concei\u00e7\u00e3o", "location": "Centro", "region": "praia-sao-pedro-e-sao-paulo", "parish_url": "https://www.arquidiocesedefortaleza.org.br/arquidiocese/regioes/regiao-praia-sao-pedro-e-sao-paulo/paroquias-da-regiao/paroquia-nossa-senhora-da-imaculada-conceicao-cascavel/", "region_url": "https://www.arquidiocesedefortaleza.org.br/arquidiocese/regioes/regiao-praia-sao-pedro-e-sao-paulo/paroquias-da-regiao/"}
{"parish_name": "Par\u00f3quia Nossa Senhora da Sa\u00fade", "location": "Caponga", "region": "praia-sao-pedro-e-sao-paulo", "parish_url": "https://www.arquidiocesedefortaleza.org.br/arquidiocese/regioes/regiao-praia-sao-pedro-e-sao-paulo/paroquias-da-regiao/paroquia-nossa-senhora-da-saude-caponga/", "region_url": "https://www.arquidiocesedefortaleza.org.br/arquidiocese/regioes/regiao-praia-sao-pedro-e-sao-paulo/paroquias-da-regiao/"}
{"parish_name": "Par\u00f3quia Nossa Senhora da Concei\u00e7\u00e3o", "location": "Guanac\u00e9s", "region": "praia-sao-pedro-e-sao-paulo", "parish_url": "https://www.arquidiocesedefortaleza.org.br/arquidiocese/regioes/regiao-praia-sao-pedro-e-sao-paulo/paroquias-da-regiao/paroquia-nossa-senhora-da-conceicao-guanaces/", "region_url": "https://www.arquidiocesedefortaleza.org.br/arquidiocese/regioes/regiao-praia-sao-pedro-e-sao-paulo/paroquias-da-regiao/"}
{"parish_name": "Par\u00f3quia Nossa Senhora da Concei\u00e7\u00e3o", "location": "Centro", "region": "praia-sao-pedro-e-sao-paulo", "parish_url": "https://www.arquidiocesedefortaleza.org.br/arquidiocese/regioes/regiao-praia-sao-pedro-e-sao-paulo/paroquias-da-regiao/paroquia-nossa-senhora-da-conceicao-pacajus/", "region_url": "https://www.arquidiocesedefortaleza.org.br/arquidiocese/regioes/regiao-praia-sao-pedro-e-sao-paulo/paroquias-da-regiao/"}
{"parish_name": "Par\u00f3quia Nossa Senhora da Penha", "location": "Sucatinga", "region": "praia-sao-pedro-e-sao-paulo", "parish_url": "https://www.arquidiocesedefortaleza.org.br/arquidiocese/regioes/regiao-praia-sao-pedro-e-sao-paulo/paroquias-da-regiao/paroquia-nossa-senhora-da-penha-sucatinga/", "region_url": "https://www.arquidiocesedefortaleza.org.br/arquidiocese/regioes/regiao-praia-sao-pedro-e-sao-paulo/paroquias-da-regiao/"}
{"parish_name": "Par\u00f3quia Nossa Senhora das Gra\u00e7as", "location": "Centro", "region": "praia-sao-pedro-e-sao-paulo", "parish_url": "https://www.arquidiocesedefortaleza.org.br/arquidiocese/regioes/regiao-praia-sao-pedro-e-sao-paulo/paroquias-da-regiao/paroquia-nossa-senhora-das-gracas-pindoretama/", "region_url": "https://www.arquidiocesedefortaleza.org.br/arquidiocese/regioes/regiao-praia-sao-pedro-e-sao-paulo/paroquias-da-regiao/"}
{"parish_name": "Par\u00f3quia Santa Teresinha do Menino Jesus", "location": "Centro", "region": "praia-sao-pedro-e-sao-paulo", "parish_url": "https://www.arquidiocesedefortaleza.org.br/arquidiocese/regioes/regiao-praia-sao-pedro-e-sao-paulo/paroquias-da-regiao/paroquia-santa-terezinha-do-menino-jesus-chorozinho/", "region_url": "https://www.arquidiocesedefortaleza.org.br/arquidiocese/regioes/regiao-praia-sao-pedro-e-sao-paulo/paroquias-da-regiao/"}
{"parish_name": "Par\u00f3quia S\u00e3o Francisco de Assis", "location": "Tapera", "region": "praia-sao-pedro-e-sao-paulo", "parish_url": "https://www.arquidiocesedefortaleza.org.br/arquidiocese/regioes/regiao-praia-sao-pedro-e-sao-paulo/paroquias-da-regiao/paroquia-sao-francisco-de-assis-tapera/", "region_url": "https://www.arquidiocesedefortaleza.org.br/arquidiocese/regioes/regiao-praia-sao-pedro-e-sao-paulo/paroquias-da-regiao/"}
{"parish_name": "Par\u00f3quia S\u00e3o Jo\u00e3o Batista", "location": "Aruaru", "region": "praia-sao-pedro-e-sao-paulo", "parish_url": "https://www.arquidiocesedefortaleza.org.br/arquidiocese/regioes/regiao-praia-sao-pedro-e-sao-paulo/paroquias-da-regiao/paroquia-sao-joao-batista-aruaru-morada-nova/", "region_url": "https://www.arquidiocesedefortaleza.org.br/arquidiocese/regioes/regiao-praia-sao-pedro-e-sao-paulo/paroquias-da-regiao/"}
{"parish_name": "Par\u00f3quia S\u00e3o Jo\u00e3o Batista", "location": "Centro", "region": "praia-sao-pedro-e-sao-paulo", "parish_url": "https://www.arquidiocesedefortaleza.org.br/arquidiocese/regioes/regiao-praia-sao-pedro-e-sao-paulo/paroquias-da-regiao/paroquia-sao-joao-batista-horizonte/", "region_url": "https://www.arquidiocesedefortaleza.org.br/arquidiocese/regioes/regiao-praia-sao-pedro-e-sao-paulo/paroquias-da-regiao/"}
{"parish_name": "Par\u00f3quia S\u00e3o Jos\u00e9 de Ribamar", "location": "Centro", "region": "praia-sao-pedro-e-sao-paulo", "parish_url": "https://www.arquidiocesedefortaleza.org.br/arquidiocese/regioes/regiao-praia-sao-pedro-e-sao-paulo/paroquias-da-regiao/paroquia-sao-jose-de-ribamar-aquiraz/", "region_url": "https://www.arquidiocesedefortaleza.org.br/arquidiocese/regioes/regiao-praia-sao-pedro-e-sao-paulo/paroquias-da-regiao/"}
{"parish_name": "Par\u00f3quia S\u00e3o Lu\u00eds Gonzaga", "location": "Pitombeiras", "region": "praia-sao-pedro-e-sao-paulo", "parish_url": "https://www.arquidiocesedefortaleza.org.br/arquidiocese/regioes/regiao-praia-sao-pedro-e-sao-paulo/paroquias-da-regiao/paroquia-sao-luis-gonzaga-pitombeiras/", "region_url": "https://www.arquidiocesedefortaleza.org.br/arquidiocese/regioes/regiao-praia-sao-pedro-e-sao-paulo/paroquias-da-regiao/"}
{"parish_name": "Par\u00f3quia Imaculada Concei\u00e7\u00e3o e S\u00e3o Jo\u00e3o XXIII", "location": "J\u00f3quei Clube", "region": "episcopal-metropolitana-bom-jesus-dos-aflitos", "parish_url": "https://www.arquidiocesedefortaleza.org.br/arquidiocese/regioes/regiao-episcopal-metropolitana-bom-jesus-dos-aflitos/paroquias-da-regiao/paroquia-imaculada-conceicao-e-sao-joao-xxiii/", "region_url": "https://www.arquidiocesedefortaleza.org.br/arquidiocese/regioes/regiao-episcopal-metropolitana-bom-jesus-dos-aflitos/paroquias-da-regiao/"}
{"parish_name": "Par\u00f3quia S\u00e3o Jo\u00e3o Batista", "location": "Parque Santo Amaro", "region": "episcopal-metropolitana-bom-jesus-dos-aflitos", "parish_url": "https://www.arquidiocesedefortaleza.org.br/arquidiocese/regioes/regiao-episcopal-metropolitana-bom-jesus-dos-aflitos/paroquias-da-regiao/paroquia-sao-joao-batista-santo-amaro/", "region_url": "https://www.arquidiocesedefortaleza.org.br/arquidiocese/regioes/regiao-episcopal-metropolitana-bom-jesus-dos-aflitos/paroquias-da-regiao/"}
{"parish_name": "Par\u00f3quia S\u00e3o Jos\u00e9", "location": "Vila Pery", "region": "episcopal-metropolitana-bom-jesus-dos-aflitos", "parish_url": "https://www.arquidiocesedefortaleza.org.br/arquidiocese/regioes/regiao-episcopal-metropolitana-bom-jesus-dos-aflitos/paroquias-da-regiao/paroquia-sao-jose-vila-peri/", "region_url": "https://www.arquidiocesedefortaleza.org.br/arquidiocese/regioes/regiao-episcopal-metropolitana-bom-jesus-dos-aflitos/paroquias-da-regiao/"}
{"parish_name": "Par\u00f3quia Bom Jesus dos Aflitos", "location": "Parangaba", "region": "episcopal-metropolitana-bom-jesus-dos-aflitos", "parish_url": "https://www.arquidiocesedefortaleza.org.br/arquidiocese/regioes/regiao-episcopal-metropolitana-bom-jesus-dos-aflitos/paroquias-da-regiao/paroquia-bom-jesus-dos-aflitos/", "region_url": "https://www.arquidiocesedefortaleza.org.br/arquidiocese/regioes/regiao-episcopal-metropolitana-bom-jesus-dos-aflitos/paroquias-da-regiao/"}
{"parish_name": "Par\u00f3quia Imaculado Cora\u00e7\u00e3o de Maria", "location": "Henrique Jorge", "region": "episcopal-metropolitana-bom-jesus-dos-aflitos", "parish_url": "https://www.arquidiocesedefortaleza.org.br/arquidiocese/regioes/regiao-episcopal-metropolitana-bom-jesus-dos-aflitos/paroquias-da-regiao/paroquia-coracao-imaculado-de-maria/", "region_url": "https://www.arquidiocesedefortaleza.org.br/arquidiocese/regioes/regiao-episcopal-metropolitana-bom-jesus-dos-aflitos/paroquias-da-regiao/"}
{"parish_name": "Par\u00f3quia Jesus", "location": "Maria", "region": "episcopal-metropolitana-bom-jesus-dos-aflitos", "parish_url": "https://www.arquidiocesedefortaleza.org.br/arquidiocese/regioes/regiao-episcopal-metropolitana-bom-jesus-dos-aflitos/paroquias-da-regiao/paroquia-jesus-maria-jose/", "region_url": "https://www.arquidiocesedefortaleza.org.br/arquidiocese/regioes/regiao-episcopal-metropolitana-bom-jesus-dos-aflitos/paroquias-da-regiao/"}
{"parish_name": "Par\u00f3quia Nossa Senhora Aparecida", "location": "Montese", "region": "episcopal-metropolitana-bom-jesus-dos-aflitos", "parish_url": "https://www.arquidiocesedefortaleza.org.br/arquidiocese/regioes/regiao-episcopal-metropolitana-bom-jesus-dos-aflitos/paroquias-da-regiao/paroquia-nossa-senhora-aparecida/", "region_url": "https://www.arquidiocesedefortaleza.org.br/arquidiocese/regioes/regiao-episcopal-metropolitana-bom-jesus-dos-aflitos/paroquias-da-regiao/"}
{"parish_name": "Par\u00f3quia Nossa Senhora de Nazar\u00e9", "location": "Montese", "region": "episcopal-metropolitana-bom-jesus-dos-aflitos", "parish_url": "https://www.arquidiocesedefortaleza.org.br/arquidiocese/regioes/regiao-episcopal-metropolitana-bom-jesus-dos-aflitos/paroquias-da-regiao/paroquia-nossa-senhora-de-nazare/", "region_url": "https://www.arquidiocesedefortaleza.org.br/arquidiocese/regioes/regiao-episcopal-metropolitana-bom-jesus-dos-aflitos/paroquias-da-regiao/"}
{"parish_name": "Par\u00f3quia Nossa Senhora de Salette", "location": "Bela Vista", "region": "episcopal-metropolitana-bom-jesus-dos-aflitos", "parish_url": "https://www.arquidiocesedefortaleza.org.br/arquidiocese/regioes/regiao-episcopal-metropolitana-bom-jesus-dos-aflitos/paroquias-da-regiao/paroquia-nossa-senhora-de-sallete/", "region_url": "https://www.arquidiocesedefortaleza.org.br/arquidiocese/regioes/regiao-episcopal-metropolitana-bom-jesus-dos-aflitos/paroquias-da-regiao/"}
{"parish_name": "Par\u00f3quia Santa Cec\u00edlia", "location": "Bom Jardim", "region": "episcopal-metropolitana-bom-jesus-dos-aflitos", "parish_url": "https://www.arquidiocesedefortaleza.org.br/arquidiocese/regioes/regiao-episcopal-metropolitana-bom-jesus-dos-aflitos/paroquias-da-regiao/paroquia-santa-cecilia/", "region_url": "https://www.arquidiocesedefortaleza.org.br/arquidiocese/regioes/regiao-episcopal-metropolitana-bom-jesus-dos-aflitos/paroquias-da-regiao/"}
{"parish_name": "Par\u00f3quia Santa Paula Frassinetti", "location": "Granja Lisboa", "region": "episcopal-metropolitana-bom-jesus-dos-aflitos", "parish_url": "https://www.arquidiocesedefortaleza.org.br/arquidiocese/regioes/regiao-episcopal-metropolitana-bom-jesus-dos-aflitos/paroquias-da-regiao/paroquia-santa-paula-frassinetti-granja-lisboa-fortaleza/", "region_url": "https://www.arquidiocesedefortaleza.org.br/arquidiocese/regioes/regiao-episcopal-metropolitana-bom-jesus-dos-aflitos/paroquias-da-regiao/"}
{"parish_name": "Par\u00f3quia Santo Ant\u00f4nio de P\u00e1dua", "location": "Planalto Pici", "region": "episcopal-metropolitana-bom-jesus-dos-aflitos", "parish_url": "https://www.arquidiocesedefortaleza.org.br/arquidiocese/regioes/regiao-episcopal-metropolitana-bom-jesus-dos-aflitos/paroquias-da-regiao/area-pastoral-santo-antonio-de-padua-planalto-pici/", "region_url": "https://www.arquidiocesedefortaleza.org.br/arquidiocese/regioes/regiao-episcopal-metropolitana-bom-jesus-dos-aflitos/paroquias-da-regiao/"}
{"parish_name": "Par\u00f3quia S\u00e3o Francisco de Assis", "location": "Canindezinho", "region": "episcopal-metropolitana-bom-jesus-dos-aflitos", "parish_url": "https://www.arquidiocesedefortaleza.org.br/arquidiocese/regioes/regiao-episcopal-metropolitana-bom-jesus-dos-aflitos/paroquias-da-regiao/area-pastoral-sao-francisco-de-assis/", "region_url": "https://www.arquidiocesedefortaleza.org.br/arquidiocese/regioes/regiao-episcopal-metropolitana-bom-jesus-dos-aflitos/paroquias-da-regiao/"}
{"parish_name": "Par\u00f3quia S\u00e3o Pio X", "location": "Panamericano", "region": "episcopal-metropolitana-bom-jesus-dos-aflitos", "parish_url": "https://www.arquidiocesedefortaleza.org.br/arquidiocese/regioes/regiao-episcopal-metropolitana-bom-jesus-dos-aflitos/paroquias-da-regiao/paroquia-sao-pio-x/", "region_url": "https://www.arquidiocesedefortaleza.org.br/arquidiocese/regioes/regiao-episcopal-metropolitana-bom-jesus-dos-aflitos/paroquias-da-regiao/"}
{"parish_name": "Par\u00f3quia S\u00e3o Raimundo Nonato", "location": "Rodolfo Te\u00f3filo", "region": "episcopal-metropolitana-bom-jesus-dos-aflitos", "parish_url": "https://www.arquidiocesedefortaleza.org.br/arquidiocese/regioes/regiao-episcopal-metropolitana-bom-jesus-dos-aflitos/paroquias-da-regiao/paroquia-sao-raimundo-nonato/", "region_url": "https://www.arquidiocesedefortaleza.org.br/arquidiocese/regioes/regiao-episcopal-metropolitana-bom-jesus-dos-aflitos/paroquias-da-regiao/"}
{"parish_name": "Par\u00f3quia Nossa Senhora da Concei\u00e7\u00e3o", "location": "Paju\u00e7ara", "region": "episcopal-metropolitana-sagrada-familia", "parish_url": "https://www.arquidiocesedefortaleza.org.br/arquidiocese/regioes/regiao-episcopal-metropolitana-sagrada-familia/paroquias-da-regiao/paroquia-nossa-senhora-da-conceicao-pajucara/", "region_url": "https://www.arquidiocesedefortaleza.org.br/arquidiocese/regioes/regiao-episcopal-metropolitana-sagrada-familia/paroquias-da-regiao/"}
{"parish_name": "Par\u00f3quia S\u00e3o Francisco das Chagas", "location": "Conjunto Jereissati II", "region": "episcopal-metropolitana-sagrada-familia", "parish_url": "https://www.arquidiocesedefortaleza.org.br/arquidiocese/regioes/regiao-episcopal-metropolitana-sagrada-familia/paroquias-da-regiao/paroquia-sao-francisco-das-chagas-jereissati-ii/", "region_url": "https://www.arquidiocesedefortaleza.org.br/arquidiocese/regioes/regiao-episcopal-metropolitana-sagrada-familia/paroquias-da-regiao/"}
{"parish_name": "Par\u00f3quia S\u00e3o Jo\u00e3o Batista", "location": "Ja\u00e7ana\u00fa", "region": "episcopal-metropolitana-sagrada-familia", "parish_url": "https://www.arquidiocesedefortaleza.org.br/arquidiocese/regioes/regiao-episcopal-metropolitana-sagrada-familia/paroquias-da-regiao/paroquia-sao-joao-batista-jacanau/", "region_url": "https://www.arquidiocesedefortaleza.org.br/arquidiocese/regioes/regiao-episcopal-metropolitana-sagrada-familia/paroquias-da-regiao/"}
{"parish_name": "Par\u00f3quia S\u00e3o Jo\u00e3o Paulo II", "location": "Conjunto Acaracuzinho", "region": "episcopal-metropolitana-sagrada-familia", "parish_url": "https://www.arquidiocesedefortaleza.org.br/arquidiocese/regioes/regiao-episcopal-metropolitana-sagrada-familia/paroquias-da-regiao/paroquia-sao-francisco-de-assis/", "region_url": "https://www.arquidiocesedefortaleza.org.br/arquidiocese/regioes/regiao-episcopal-metropolitana-sagrada-familia/paroquias-da-regiao/"}
{"parish_name": "Par\u00f3quia Jesus", "location": "Maria e Jos\u00e9", "region": "episcopal-metropolitana-sagrada-familia", "parish_url": "https://www.arquidiocesedefortaleza.org.br/arquidiocese/regioes/regiao-episcopal-metropolitana-sagrada-familia/paroquias-da-regiao/paroquia-jesus-maria-jose-guaiuba/", "region_url": "https://www.arquidiocesedefortaleza.org.br/arquidiocese/regioes/regiao-episcopal-metropolitana-sagrada-familia/paroquias-da-regiao/"}
{"parish_name": "Par\u00f3quia Menino Jesus", "location": "Conjunto Industrial", "region": "episcopal-metropolitana-sagrada-familia", "parish_url": "https://www.arquidiocesedefortaleza.org.br/arquidiocese/regioes/regiao-episcopal-metropolitana-sagrada-familia/paroquias-da-regiao/paroquia-menino-jesus-conjunto-industrial/", "region_url": "https://www.arquidiocesedefortaleza.org.br/arquidiocese/regioes/regiao-episcopal-metropolitana-sagrada-familia/paroquias-da-regiao/"}
{"parish_name": "Par\u00f3quia Nossa Senhora da Concei\u00e7\u00e3o", "location": "Centro", "region": "episcopal-metropolitana-sagrada-familia", "parish_url": "https://www.arquidiocesedefortaleza.org.br/arquidiocese/regioes/regiao-episcopal-metropolitana-sagrada-familia/paroquias-da-regiao/paroquia-nossa-senhora-da-conceicao-pacatuba/", "region_url": "https://www.arquidiocesedefortaleza.org.br/arquidiocese/regioes/regiao-episcopal-metropolitana-sagrada-familia/paroquias-da-regiao/"}
{"parish_name": "Par\u00f3quia Nossa Senhora da Concei\u00e7\u00e3o", "location": "Tabatinga", "region": "episcopal-metropolitana-sagrada-familia", "parish_url": "https://www.arquidiocesedefortaleza.org.br/arquidiocese/regioes/regiao-episcopal-metropolitana-sagrada-familia/paroquias-da-regiao/paroquia-nossa-senhora-da-imaculada-conceicao-tabatinga/", "region_url": "https://www.arquidiocesedefortaleza.org.br/arquidiocese/regioes/regiao-episcopal-metropolitana-sagrada-familia/paroquias-da-regiao/"}
{"parish_name": "Par\u00f3quia Nossa Senhora da Penha", "location": "Centro", "region": "episcopal-metropolitana-sagrada-familia", "parish_url": "https://www.arquidiocesedefortaleza.org.br/arquidiocese/regioes/regiao-episcopal-metropolitana-sagrada-familia/paroquias-da-regiao/paroquia-nossa-senhora-da-penha-maranguape/", "region_url": "https://www.arquidiocesedefortaleza.org.br/arquidiocese/regioes/regiao-episcopal-metropolitana-sagrada-familia/paroquias-da-regiao/"}
{"parish_name": "Par\u00f3quia Nossa Senhora do Perp\u00e9tuo Socorro", "location": "Jereissati I \u2013 Timb\u00f3", "region": "episcopal-metropolitana-sagrada-familia", "parish_url": "https://www.arquidiocesedefortaleza.org.br/arquidiocese/regioes/regiao-episcopal-metropolitana-sagrada-familia/paroquias-da-regiao/paroquia-nossa-senhora-do-perpetuo-socorro-jereissatitimbo/", "region_url": "https://www.arquidiocesedefortaleza.org.br/arquidiocese/regioes/regiao-episcopal-metropolitana-sagrada-familia/paroquias-da-regiao/"}
{"parish_name": "\u00c1rea Pastoral S\u00e3o Francisco de Assis", "location": "\u00c1gua Verde", "region": "episcopal-metropolitana-sagrada-familia", "parish_url": "https://www.arquidiocesedefortaleza.org.br/arquidiocese/regioes/regiao-episcopal-metropolitana-sagrada-familia/paroquias-da-regiao/area-pastoral-sao-francisco-de-assis-agua-verde-guaiuba/", "region_url": "https://www.arquidiocesedefortaleza.org.br/arquidiocese/regioes/regiao-episcopal-metropolitana-sagrada-familia/paroquias-da-regiao/"}
{"parish_name": "Par\u00f3quia Nossa Senhora da Imaculada Concei\u00e7\u00e3o", "location": "Pavuna", "region": "episcopal-metropolitana-sagrada-familia", "parish_url": "https://www.arquidiocesedefortaleza.org.br/arquidiocese/regioes/regiao-episcopal-metropolitana-sagrada-familia/paroquias-da-regiao/paroquia-nossa-senhora-da-imaculada-conceicao-pavuna/", "region_url": "https://www.arquidiocesedefortaleza.org.br/arquidiocese/regioes/regiao-episcopal-metropolitana-sagrada-familia/paroquias-da-regiao/"}
{"parish_name": "Par\u00f3quia Santo Ant\u00f4nio de P\u00e1dua", "location": "Centro", "region": "episcopal-metropolitana-sagrada-familia", "parish_url": "https://www.arquidiocesedefortaleza.org.br/arquidiocese/regioes/regiao-episcopal-metropolitana-sagrada-familia/paroquias-da-regiao/paroquia-santo-antonio-itaitinga/", "region_url": "https://www.arquidiocesedefortaleza.org.br/arquidiocese/regioes/regiao-episcopal-metropolitana-sagrada-familia/paroquias-da-regiao/"}
{"parish_name": "Par\u00f3quia S\u00e3o Jos\u00e9", "location": "Centro", "region": "episcopal-metropolitana-sagrada-familia", "parish_url": "https://www.arquidiocesedefortaleza.org.br/arquidiocese/regioes/regiao-episcopal-metropolitana-sagrada-familia/paroquias-da-regiao/paroquia-sao-jose-maracanau/", "region_url": "https://www.arquidiocesedefortaleza.org.br/arquidiocese/regioes/regiao-episcopal-metropolitana-sagrada-familia/paroquias-da-regiao/"}
{"parish_name": "Par\u00f3quia Nossa Senhora M\u00e3e da Igreja", "location": "Presidente Kennedy", "region": "episcopal-metropolitana-nossa-senhora-da-assuncao", "parish_url": "https://www.arquidiocesedefortaleza.org.br/arquidiocese/regioes/regiao-episcopal-metropolitana-nossa-senhora-da-assuncao/paroquias-da-regiao/paroquia-nossa-senhora-mae-da-igreja-presidente-kennedy/", "region_url": "https://www.arquidiocesedefortaleza.org.br/arquidiocese/regioes/regiao-episcopal-metropolitana-nossa-senhora-da-assuncao/paroquias-da-regiao/"}
{"parish_name": "Par\u00f3quia S\u00e3o Francisco de Assis", "location": "Quintino Cunha", "region": "episcopal-metropolitana-nossa-senhora-da-assuncao", "parish_url": "https://www.arquidiocesedefortaleza.org.br/arquidiocese/regioes/regiao-episcopal-metropolitana-nossa-senhora-da-assuncao/paroquias-da-regiao/sao-francisco-de-assis-quintino-cunha/", "region_url": "https://www.arquidiocesedefortaleza.org.br/arquidiocese/regioes/regiao-episcopal-metropolitana-nossa-senhora-da-assuncao/paroquias-da-regiao/"}
{"parish_name": "Par\u00f3quia S\u00e3o Pedro", "location": "Barra do Cear\u00e1", "region": "episcopal-metropolitana-nossa-senhora-da-assuncao", "parish_url": "https://www.arquidiocesedefortaleza.org.br/arquidiocese/regioes/regiao-episcopal-metropolitana-nossa-senhora-da-assuncao/paroquias-da-regiao/area-pastoral-barra-do-ceara/", "region_url": "https://www.arquidiocesedefortaleza.org.br/arquidiocese/regioes/regiao-episcopal-metropolitana-nossa-senhora-da-assuncao/paroquias-da-regiao/"}
{"parish_name": "Par\u00f3quia Cristo Redentor", "location": "Cristo Redentor", "region": "episcopal-metropolitana-nossa-senhora-da-assuncao", "parish_url": "https://www.arquidiocesedefortaleza.org.br/arquidiocese/regioes/regiao-episcopal-metropolitana-nossa-senhora-da-assuncao/paroquias-da-regiao/paroquia-cristo-redentor/", "region_url": "https://www.arquidiocesedefortaleza.org.br/arquidiocese/regioes/regiao-episcopal-metropolitana-nossa-senhora-da-assuncao/paroquias-da-regiao/"}
{"parish_name": "Par\u00f3quia Jesus", "location": "Maria", "region": "episcopal-metropolitana-nossa-senhora-da-assuncao", "parish_url": "https://www.arquidiocesedefortaleza.org.br/arquidiocese/regioes/regiao-episcopal-metropolitana-nossa-senhora-da-assuncao/paroquias-da-regiao/paroquia-jesus-maria-jose-antonio-bezerra/", "region_url": "https://www.arquidiocesedefortaleza.org.br/arquidiocese/regioes/regiao-episcopal-metropolitana-nossa-senhora-da-assuncao/paroquias-da-regiao/"}
{"parish_name": "Par\u00f3quia-Santu\u00e1rio Nossa Senhora da Assun\u00e7\u00e3o", "location": "Vila Velha", "region": "episcopal-metropolitana-nossa-senhora-da-assuncao", "parish_url": "https://www.arquidiocesedefortaleza.org.br/arquidiocese/regioes/regiao-episcopal-metropolitana-nossa-senhora-da-assuncao/paroquias-da-regiao/paroquia-nossa-senhora-da-assuncao-conj-nova-assuncao/", "region_url": "https://www.arquidiocesedefortaleza.org.br/arquidiocese/regioes/regiao-episcopal-metropolitana-nossa-senhora-da-assuncao/paroquias-da-regiao/"}
{"parish_name": "Par\u00f3quia Nossa Senhora da Concei\u00e7\u00e3o", "location": "Conjunto Cear\u00e1", "region": "episcopal-metropolitana-nossa-senhora-da-assuncao", "parish_url": "https://www.arquidiocesedefortaleza.org.br/arquidiocese/regioes/regiao-episcopal-metropolitana-nossa-senhora-da-assuncao/paroquias-da-regiao/paroquia-nossa-senhora-da-conceicao-conj-ceara/", "region_url": "https://www.arquidiocesedefortaleza.org.br/arquidiocese/regioes/regiao-episcopal-metropolitana-nossa-senhora-da-assuncao/paroquias-da-regiao/"}
{"parish_name": "Par\u00f3quia Nossa Senhora de F\u00e1tima", "location": "Parque Geniba\u00fa", "region": "episcopal-metropolitana-nossa-senhora-da-assuncao", "parish_url": "https://www.arquidiocesedefortaleza.org.br/arquidiocese/regioes/regiao-episcopal-metropolitana-nossa-senhora-da-assuncao/paroquias-da-regiao/paroquia-nossa-senhora-de-fatima-genibau/", "region_url": "https://www.arquidiocesedefortaleza.org.br/arquidiocese/regioes/regiao-episcopal-metropolitana-nossa-senhora-da-assuncao/paroquias-da-regiao/"}
{"parish_name": "Par\u00f3quia Nossa Senhora das Gra\u00e7as", "location": "Pirambu", "region": "episcopal-metropolitana-nossa-senhora-da-assuncao", "parish_url": "https://www.arquidiocesedefortaleza.org.br/arquidiocese/regioes/regiao-episcopal-metropolitana-nossa-senhora-da-assuncao/paroquias-da-regiao/paroquia-nossa-senhora-das-gracas/", "region_url": "https://www.arquidiocesedefortaleza.org.br/arquidiocese/regioes/regiao-episcopal-metropolitana-nossa-senhora-da-assuncao/paroquias-da-regiao/"}
{"parish_name": "Par\u00f3quia Nossa Senhora de F\u00e1tima", "location": "\u00c1lvaro Weyne", "region": "episcopal-metropolitana-nossa-senhora-da-assuncao", "parish_url": "https://www.arquidiocesedefortaleza.org.br/arquidiocese/regioes/regiao-episcopal-metropolitana-nossa-senhora-da-assuncao/paroquias-da-regiao/area-pastoral-nossa-senhora-de-fatima-alvaro-weyne/", "region_url": "https://www.arquidiocesedefortaleza.org.br/arquidiocese/regioes/regiao-episcopal-metropolitana-nossa-senhora-da-assuncao/paroquias-da-regiao/"}
{"parish_name": "Par\u00f3quia Nossa Senhora do Perp\u00e9tuo Socorro", "location": "Carlito Pamplona", "region": "episcopal-metropolitana-nossa-senhora-da-assuncao", "parish_url": "https://www.arquidiocesedefortaleza.org.br/arquidiocese/regioes/regiao-episcopal-metropolitana-nossa-senhora-da-assuncao/paroquias-da-regiao/paroquia-nossa-senhora-do-perpetuo-socorro-carlito-pamplona/", "region_url": "https://www.arquidiocesedefortaleza.org.br/arquidiocese/regioes/regiao-episcopal-metropolitana-nossa-senhora-da-assuncao/paroquias-da-regiao/"}
{"parish_name": "Par\u00f3quia Santo Ant\u00f4nio de P\u00e1dua", "location": "Granja Portugal", "region": "episcopal-metropolitana-nossa-senhora-da-assuncao", "parish_url": "https://www.arquidiocesedefortaleza.org.br/arquidiocese/regioes/regiao-episcopal-metropolitana-nossa-senhora-da-assuncao/paroquias-da-regiao/paroquia-santo-antonio-granja-portugal/", "region_url": "https://www.arquidiocesedefortaleza.org.br/arquidiocese/regioes/regiao-episcopal-metropolitana-nossa-senhora-da-assuncao/paroquias-da-regiao/"}
{"parish_name": "Par\u00f3quia Santo Ant\u00f4nio de P\u00e1dua", "location": "Jardim Iracema", "region": "episcopal-metropolitana-nossa-senhora-da-assuncao", "parish_url": "https://www.arquidiocesedefortaleza.org.br/arquidiocese/regioes/regiao-episcopal-metropolitana-nossa-senhora-da-assuncao/paroquias-da-regiao/paroquia-santo-antonio-de-padua-jardim-iracema/", "region_url": "https://www.arquidiocesedefortaleza.org.br/arquidiocese/regioes/regiao-episcopal-metropolitana-nossa-senhora-da-assuncao/paroquias-da-regiao/"}
{"parish_name": "Par\u00f3quia S\u00e3o Francisco de Assis", "location": "Vila Velha III", "region": "episcopal-metropolitana-nossa-senhora-da-assuncao", "parish_url": "https://www.arquidiocesedefortaleza.org.br/arquidiocese/regioes/regiao-episcopal-metropolitana-nossa-senhora-da-assuncao/paroquias-da-regiao/paroquia-sao-francisco-de-assis-vila-velha-ii/", "region_url": "https://www.arquidiocesedefortaleza.org.br/arquidiocese/regioes/regiao-episcopal-metropolitana-nossa-senhora-da-assuncao/paroquias-da-regiao/"}
{"parish_name": "Par\u00f3quia S\u00e3o Pedro e S\u00e3o Paulo", "location": "Jardim Guanabara", "region": "episcopal-metropolitana-nossa-senhora-da-assuncao", "parish_url": "https://www.arquidiocesedefortaleza.org.br/arquidiocese/regioes/regiao-episcopal-metropolitana-nossa-senhora-da-assuncao/paroquias-da-regiao/paroquia-sao-pedro-e-sao-paulo-quintino-cunha/", "region_url": "https://www.arquidiocesedefortaleza.org.br/arquidiocese/regioes/regiao-episcopal-metropolitana-nossa-senhora-da-assuncao/paroquias-da-regiao/"}
{"parish_name": "\u00c1rea Pastoral Nossa Senhora do Brasil", "location": "Messejana", "region": "metropolitana-nossa-senhora-da-conceicao", "parish_url": "https://www.arquidiocesedefortaleza.org.br/arquidiocese/regioes/regiao-metropolitana-nossa-senhora-da-conceicao/paroquias-da-regiao/paroquia-nossa-senhora-do-brasil-messejana/", "region_url": "https://www.arquidiocesedefortaleza.org.br/arquidiocese/regioes/regiao-metropolitana-nossa-senhora-da-conceicao/paroquias-da-regiao/"}
{"parish_name": "Par\u00f3quia Nossa Senhora do Perp\u00e9tuo Socorro", "location": "S\u00e3o Bento", "region": "metropolitana-nossa-senhora-da-conceicao", "parish_url": "https://www.arquidiocesedefortaleza.org.br/arquidiocese/regioes/regiao-metropolitana-nossa-senhora-da-conceicao/paroquias-da-regiao/paroquia-nossa-senhora-do-perpetuo-socorro-alto-alegre/", "region_url": "https://www.arquidiocesedefortaleza.org.br/arquidiocese/regioes/regiao-metropolitana-nossa-senhora-da-conceicao/paroquias-da-regiao/"}
{"parish_name": "Par\u00f3quia S\u00e3o Francisco de Assis", "location": "Mangabeira", "region": "metropolitana-nossa-senhora-da-conceicao", "parish_url": "https://www.arquidiocesedefortaleza.org.br/arquidiocese/regioes/regiao-metropolitana-nossa-senhora-da-conceicao/paroquias-da-regiao/paroquia-sao-francisco-de-assis-mangabeira-eusebio/", "region_url": "https://www.arquidiocesedefortaleza.org.br/arquidiocese/regioes/regiao-metropolitana-nossa-senhora-da-conceicao/paroquias-da-regiao/"}
{"parish_name": "Par\u00f3quia S\u00e3o Francisco Xavier", "location": "Conjunto Esperan\u00e7a", "region": "metropolitana-nossa-senhora-da-conceicao", "parish_url": "https://www.arquidiocesedefortaleza.org.br/arquidiocese/regioes/regiao-metropolitana-nossa-senhora-da-conceicao/paroquias-da-regiao/paroquia-sao-francisco-xavier-conjunto-esperanca/", "region_url": "https://www.arquidiocesedefortaleza.org.br/arquidiocese/regioes/regiao-metropolitana-nossa-senhora-da-conceicao/paroquias-da-regiao/"}
{"parish_name": "Par\u00f3quia S\u00e3o Jo\u00e3o Paulo II", "location": "Guajer\u00fa", "region": "metropolitana-nossa-senhora-da-conceicao", "parish_url": "https://www.arquidiocesedefortaleza.org.br/arquidiocese/regioes/regiao-metropolitana-nossa-senhora-da-conceicao/paroquias-da-regiao/paroquia-sao-joao-paulo-ii-guajiru-messejana/", "region_url": "https://www.arquidiocesedefortaleza.org.br/arquidiocese/regioes/regiao-metropolitana-nossa-senhora-da-conceicao/paroquias-da-regiao/"}
{"parish_name": "Par\u00f3quia M\u00e3e Sant\u00edssima", "location": "Parque Dois Irm\u00e3os", "region": "metropolitana-nossa-senhora-da-conceicao", "parish_url": "https://www.arquidiocesedefortaleza.org.br/arquidiocese/regioes/regiao-metropolitana-nossa-senhora-da-conceicao/paroquias-da-regiao/paroquia-mae-santissima/", "region_url": "https://www.arquidiocesedefortaleza.org.br/arquidiocese/regioes/regiao-metropolitana-nossa-senhora-da-conceicao/paroquias-da-regiao/"}
{"parish_name": "Par\u00f3quia Nossa Senhora da Concei\u00e7\u00e3o", "location": "Messejana", "region": "metropolitana-nossa-senhora-da-conceicao", "parish_url": "https://www.arquidiocesedefortaleza.org.br/arquidiocese/regioes/regiao-metropolitana-nossa-senhora-da-conceicao/paroquias-da-regiao/paroquia-nossa-senhora-da-conceicao/", "region_url": "https://www.arquidiocesedefortaleza.org.br/arquidiocese/regioes/regiao-metropolitana-nossa-senhora-da-conceicao/paroquias-da-regiao/"}
{"parish_name": "Par\u00f3quia Nossa Senhora da Gl\u00f3ria", "location": "Cidade dos Funcion\u00e1rios", "region": "metropolitana-nossa-senhora-da-conceicao", "parish_url": "https://www.arquidiocesedefortaleza.org.br/arquidiocese/regioes/regiao-metropolitana-nossa-senhora-da-conceicao/paroquias-da-regiao/paroquia-nossa-senhora-da-gloria/", "region_url": "https://www.arquidiocesedefortaleza.org.br/arquidiocese/regioes/regiao-metropolitana-nossa-senhora-da-conceicao/paroquias-da-regiao/"}
{"parish_name": "Par\u00f3quia Nossa Senhora das Gra\u00e7as", "location": "Manuel S\u00e1tiro", "region": "metropolitana-nossa-senhora-da-conceicao", "parish_url": "https://www.arquidiocesedefortaleza.org.br/arquidiocese/regioes/regiao-metropolitana-nossa-senhora-da-conceicao/paroquias-da-regiao/paroquia-nossa-senhora-das-gracas-manuel-satiro/", "region_url": "https://www.arquidiocesedefortaleza.org.br/arquidiocese/regioes/regiao-metropolitana-nossa-senhora-da-conceicao/paroquias-da-regiao/"}
{"parish_name": "Par\u00f3quia Nossa Senhora das Gra\u00e7as", "location": "Parque Santa Maria", "region": "metropolitana-nossa-senhora-da-conceicao", "parish_url": "https://www.arquidiocesedefortaleza.org.br/arquidiocese/regioes/regiao-metropolitana-nossa-senhora-da-conceicao/paroquias-da-regiao/paroquia-nossa-senhora-das-gracas-parque-santa-maria/", "region_url": "https://www.arquidiocesedefortaleza.org.br/arquidiocese/regioes/regiao-metropolitana-nossa-senhora-da-conceicao/paroquias-da-regiao/"}
{"parish_name": "Par\u00f3quia Nossa Senhora do Perp\u00e9tuo Socorro", "location": "Mondubim", "region": "metropolitana-nossa-senhora-da-conceicao", "parish_url": "https://www.arquidiocesedefortaleza.org.br/arquidiocese/regioes/regiao-metropolitana-nossa-senhora-da-conceicao/paroquias-da-regiao/paroquia-nossa-senhora-do-perpetuo-socorro/", "region_url": "https://www.arquidiocesedefortaleza.org.br/arquidiocese/regioes/regiao-metropolitana-nossa-senhora-da-conceicao/paroquias-da-regiao/"}
{"parish_name": "Par\u00f3quia Nossa Senhora M\u00e3e dos Pobres", "location": "Tancredo Neves", "region": "metropolitana-nossa-senhora-da-conceicao", "parish_url": "https://www.arquidiocesedefortaleza.org.br/arquidiocese/regioes/regiao-metropolitana-nossa-senhora-da-conceicao/paroquias-da-regiao/area-pastoral-nossa-senhora-mae-dos-pobres/", "region_url": "https://www.arquidiocesedefortaleza.org.br/arquidiocese/regioes/regiao-metropolitana-nossa-senhora-da-conceicao/paroquias-da-regiao/"}
{"parish_name": "Par\u00f3quia Nossa Senhora do Sagrado Cora\u00e7\u00e3o", "location": "Aerol\u00e2ndia", "region": "metropolitana-nossa-senhora-da-conceicao", "parish_url": "https://www.arquidiocesedefortaleza.org.br/arquidiocese/regioes/regiao-metropolitana-nossa-senhora-da-conceicao/paroquias-da-regiao/paroquia-nossa-senhora-do-sagrado-coracao/", "region_url": "https://www.arquidiocesedefortaleza.org.br/arquidiocese/regioes/regiao-metropolitana-nossa-senhora-da-conceicao/paroquias-da-regiao/"}
{"parish_name": "Par\u00f3quia Sagrado Cora\u00e7\u00e3o de Jesus e Santa Luzia", "location": "Pedras", "region": "metropolitana-nossa-senhora-da-conceicao", "parish_url": "https://www.arquidiocesedefortaleza.org.br/arquidiocese/regioes/regiao-metropolitana-nossa-senhora-da-conceicao/paroquias-da-regiao/paroquia-sagrado-coracao-de-jesus-e-santa-luzia/", "region_url": "https://www.arquidiocesedefortaleza.org.br/arquidiocese/regioes/regiao-metropolitana-nossa-senhora-da-conceicao/paroquias-da-regiao/"}
{"parish_name": "Par\u00f3quia Sant\u2019Ana e S\u00e3o Joaquim", "location": "Centro", "region": "metropolitana-nossa-senhora-da-conceicao", "parish_url": "https://www.arquidiocesedefortaleza.org.br/arquidiocese/regioes/regiao-metropolitana-nossa-senhora-da-conceicao/paroquias-da-regiao/paroquia-santana-e-sao-joaquim/", "region_url": "https://www.arquidiocesedefortaleza.org.br/arquidiocese/regioes/regiao-metropolitana-nossa-senhora-da-conceicao/paroquias-da-regiao/"}
{"parish_name": "Par\u00f3quia Sant\u00edssima Trindade", "location": "Conjunto Prefeito Jos\u00e9 Walter", "region": "metropolitana-nossa-senhora-da-conceicao", "parish_url": "https://www.arquidiocesedefortaleza.org.br/arquidiocese/regioes/regiao-metropolitana-nossa-senhora-da-conceicao/paroquias-da-regiao/paroquia-santissima-trindade/", "region_url": "https://www.arquidiocesedefortaleza.org.br/arquidiocese/regioes/regiao-metropolitana-nossa-senhora-da-conceicao/paroquias-da-regiao/"}
{"parish_name": "Par\u00f3quia Santo Ant\u00f4nio de P\u00e1dua", "location": "Maraponga", "region": "metropolitana-nossa-senhora-da-conceicao", "parish_url": "https://www.arquidiocesedefortaleza.org.br/arquidiocese/regioes/regiao-metropolitana-nossa-senhora-da-conceicao/paroquias-da-regiao/paroquia-santo-antonio-de-padua/", "region_url": "https://www.arquidiocesedefortaleza.org.br/arquidiocese/regioes/regiao-metropolitana-nossa-senhora-da-conceicao/paroquias-da-regiao/"}
{"parish_name": "Par\u00f3quia S\u00e3o Diogo", "location": "Cajazeiras", "region": "metropolitana-nossa-senhora-da-conceicao", "parish_url": "https://www.arquidiocesedefortaleza.org.br/arquidiocese/regioes/regiao-metropolitana-nossa-senhora-da-conceicao/paroquias-da-regiao/paroquia-sao-diogo/", "region_url": "https://www.arquidiocesedefortaleza.org.br/arquidiocese/regioes/regiao-metropolitana-nossa-senhora-da-conceicao/paroquias-da-regiao/"}
{"parish_name": "Par\u00f3quia S\u00e3o Francisco de Assis", "location": "Conjunto Palmeiras", "region": "metropolitana-nossa-senhora-da-conceicao", "parish_url": "https://www.arquidiocesedefortaleza.org.br/arquidiocese/regioes/regiao-metropolitana-nossa-senhora-da-conceicao/paroquias-da-regiao/paroquia-sao-francisco-de-assis-conjunto-palmeiras/", "region_url": "https://www.arquidiocesedefortaleza.org.br/arquidiocese/regioes/regiao-metropolitana-nossa-senhora-da-conceicao/paroquias-da-regiao/"}
{"parish_name": "Par\u00f3quia S\u00e3o Francisco de Assis", "location": "Dias Macedo", "region": "metropolitana-nossa-senhora-da-conceicao", "parish_url": "https://www.arquidiocesedefortaleza.org.br/arquidiocese/regioes/regiao-metropolitana-nossa-senhora-da-conceicao/paroquias-da-regiao/paroquia-sao-francisco-de-assis-dias-macedo/", "region_url": "https://www.arquidiocesedefortaleza.org.br/arquidiocese/regioes/regiao-metropolitana-nossa-senhora-da-conceicao/paroquias-da-regiao/"}
{"parish_name": "Par\u00f3quia S\u00e3o Jo\u00e3o Eudes", "location": "Conjunto Engenheiro Luciano Cavalcante", "region": "metropolitana-nossa-senhora-da-conceicao", "parish_url": "https://www.arquidiocesedefortaleza.org.br/arquidiocese/regioes/regiao-metropolitana-nossa-senhora-da-conceicao/paroquias-da-regiao/paroquia-sao-joao-eudes-luciano-cavalcante/", "region_url": "https://www.arquidiocesedefortaleza.org.br/arquidiocese/regioes/regiao-metropolitana-nossa-senhora-da-conceicao/paroquias-da-regiao/"}
{"parish_name": "Par\u00f3quia S\u00e3o Jos\u00e9", "location": "Sapiranga", "region": "metropolitana-nossa-senhora-da-conceicao", "parish_url": "https://www.arquidiocesedefortaleza.org.br/arquidiocese/regioes/regiao-metropolitana-nossa-senhora-da-conceicao/paroquias-da-regiao/paroquia-sao-jose-seis-bocas/", "region_url": "https://www.arquidiocesedefortaleza.org.br/arquidiocese/regioes/regiao-metropolitana-nossa-senhora-da-conceicao/paroquias-da-regiao/"}
{"parish_name": "Par\u00f3quia S\u00e3o Jos\u00e9", "location": "Lagoa Redonda", "region": "metropolitana-nossa-senhora-da-conceicao", "parish_url": "https://www.arquidiocesedefortaleza.org.br/arquidiocese/regioes/regiao-metropolitana-nossa-senhora-da-conceicao/paroquias-da-regiao/paroquia-sao-jose-lagoa-redonda/", "region_url": "https://www.arquidiocesedefortaleza.org.br/arquidiocese/regioes/regiao-metropolitana-nossa-senhora-da-conceicao/paroquias-da-regiao/"}
{"parish_name": "Par\u00f3quia S\u00e3o Jos\u00e9", "location": "Passar\u00e9", "region": "metropolitana-nossa-senhora-da-conceicao", "parish_url": "https://www.arquidiocesedefortaleza.org.br/arquidiocese/regioes/regiao-metropolitana-nossa-senhora-da-conceicao/paroquias-da-regiao/area-pastoral-sao-jose-barroso-ii/", "region_url": "https://www.arquidiocesedefortaleza.org.br/arquidiocese/regioes/regiao-metropolitana-nossa-senhora-da-conceicao/paroquias-da-regiao/"}
{"parish_name": "Par\u00f3quia Cristo Rei", "location": "Puti\u00fa", "region": "serra-nossa-senhora-da-palma", "parish_url": "https://www.arquidiocesedefortaleza.org.br/arquidiocese/regioes/regiao-serra-nossa-senhora-da-palma/paroquias-da-regiao/paroquia-cristo-rei-putiu-baturite/", "region_url": "https://www.arquidiocesedefortaleza.org.br/arquidiocese/regioes/regiao-serra-nossa-senhora-da-palma/paroquias-da-regiao/"}
{"parish_name": "Par\u00f3quia Nossa Senhora da Concei\u00e7\u00e3o", "location": "Centro", "region": "serra-nossa-senhora-da-palma", "parish_url": "https://www.arquidiocesedefortaleza.org.br/arquidiocese/regioes/regiao-serra-nossa-senhora-da-palma/paroquias-da-regiao/paroquia-nossa-senhora-da-conceicao-aracoiaba/", "region_url": "https://www.arquidiocesedefortaleza.org.br/arquidiocese/regioes/regiao-serra-nossa-senhora-da-palma/paroquias-da-regiao/"}
{"parish_name": "Par\u00f3quia Nossa Senhora da Concei\u00e7\u00e3o", "location": "Centro", "region": "serra-nossa-senhora-da-palma", "parish_url": "https://www.arquidiocesedefortaleza.org.br/arquidiocese/regioes/regiao-serra-nossa-senhora-da-palma/paroquias-da-regiao/paroquia-nossa-senhora-da-conceicao-guaramiranga/", "region_url": "https://www.arquidiocesedefortaleza.org.br/arquidiocese/regioes/regiao-serra-nossa-senhora-da-palma/paroquias-da-regiao/"}
{"parish_name": "Par\u00f3quia Nossa Senhora da Concei\u00e7\u00e3o", "location": "Centro", "region": "serra-nossa-senhora-da-palma", "parish_url": "https://www.arquidiocesedefortaleza.org.br/arquidiocese/regioes/regiao-serra-nossa-senhora-da-palma/paroquias-da-regiao/paroquia-nossa-senhora-da-conceicao-pacoti/", "region_url": "https://www.arquidiocesedefortaleza.org.br/arquidiocese/regioes/regiao-serra-nossa-senhora-da-palma/paroquias-da-regiao/"}
{"parish_name": "Par\u00f3quia Nossa Senhora da Concei\u00e7\u00e3o", "location": "Centro", "region": "serra-nossa-senhora-da-palma", "parish_url": "https://www.arquidiocesedefortaleza.org.br/arquidiocese/regioes/regiao-serra-nossa-senhora-da-palma/paroquias-da-regiao/paroquia-nossa-senhora-da-conceicao-redencao/", "region_url": "https://www.arquidiocesedefortaleza.org.br/arquidiocese/regioes/regiao-serra-nossa-senhora-da-palma/paroquias-da-regiao/"}
{"parish_name": "Par\u00f3quia Nossa Senhora da Palma", "location": "Centro", "region": "serra-nossa-senhora-da-palma", "parish_url": "https://www.arquidiocesedefortaleza.org.br/arquidiocese/regioes/regiao-serra-nossa-senhora-da-palma/paroquias-da-regiao/paroquia-nossa-senhora-da-palma-baturite/", "region_url": "https://www.arquidiocesedefortaleza.org.br/arquidiocese/regioes/regiao-serra-nossa-senhora-da-palma/paroquias-da-regiao/"}
{"parish_name": "Par\u00f3quia Nossa Senhora das Gra\u00e7as", "location": "Ideal", "region": "serra-nossa-senhora-da-palma", "parish_url": "https://www.arquidiocesedefortaleza.org.br/arquidiocese/regioes/regiao-serra-nossa-senhora-da-palma/paroquias-da-regiao/paroquia-nossa-senhora-das-gracas-ideal/", "region_url": "https://www.arquidiocesedefortaleza.org.br/arquidiocese/regioes/regiao-serra-nossa-senhora-da-palma/paroquias-da-regiao/"}
{"parish_name": "Par\u00f3quia Nossa Senhora de Lourdes", "location": "Ant\u00f4nio Diogo", "region": "serra-nossa-senhora-da-palma", "parish_url": "https://www.arquidiocesedefortaleza.org.br/arquidiocese/regioes/regiao-serra-nossa-senhora-da-palma/paroquias-da-regiao/paroquia-nossa-senhora-de-lourdes-antonio-diogo/", "region_url": "https://www.arquidiocesedefortaleza.org.br/arquidiocese/regioes/regiao-serra-nossa-senhora-da-palma/paroquias-da-regiao/"}
{"parish_name": "Par\u00f3quia Sagrada Fam\u00edlia", "location": "Centro", "region": "serra-nossa-senhora-da-palma", "parish_url": "https://www.arquidiocesedefortaleza.org.br/arquidiocese/regioes/regiao-serra-nossa-senhora-da-palma/paroquias-da-regiao/paroquia-sagrada-familia-ocara/", "region_url": "https://www.arquidiocesedefortaleza.org.br/arquidiocese/regioes/regiao-serra-nossa-senhora-da-palma/paroquias-da-regiao/"}
{"parish_name": "Par\u00f3quia S\u00e3o Francisco de Assis", "location": "Centro", "region": "serra-nossa-senhora-da-palma", "parish_url": "https://www.arquidiocesedefortaleza.org.br/arquidiocese/regioes/regiao-serra-nossa-senhora-da-palma/paroquias-da-regiao/paroquia-sao-francisco-de-assis-palmacia/", "region_url": "https://www.arquidiocesedefortaleza.org.br/arquidiocese/regioes/regiao-serra-nossa-senhora-da-palma/paroquias-da-regiao/"}
{"parish_name": "Par\u00f3quia S\u00e3o Francisco de Paula", "location": "Centro", "region": "serra-nossa-senhora-da-palma", "parish_url": "https://www.arquidiocesedefortaleza.org.br/arquidiocese/regioes/regiao-serra-nossa-senhora-da-palma/paroquias-da-regiao/paroquia-sao-francisco-de-paula-aratuba/", "region_url": "https://www.arquidiocesedefortaleza.org.br/arquidiocese/regioes/regiao-serra-nossa-senhora-da-palma/paroquias-da-regiao/"}
{"parish_name": "Par\u00f3quia S\u00e3o Jo\u00e3o Batista", "location": "Centro", "region": "serra-nossa-senhora-da-palma", "parish_url": "https://www.arquidiocesedefortaleza.org.br/arquidiocese/regioes/regiao-serra-nossa-senhora-da-palma/paroquias-da-regiao/paroquia-sao-joao-batista-acarape/", "region_url": "https://www.arquidiocesedefortaleza.org.br/arquidiocese/regioes/regiao-serra-nossa-senhora-da-palma/paroquias-da-regiao/"}
{"parish_name": "Par\u00f3quia S\u00e3o Pedro", "location": "Centro", "region": "serra-nossa-senhora-da-palma", "parish_url": "https://www.arquidiocesedefortaleza.org.br/arquidiocese/regioes/regiao-serra-nossa-senhora-da-palma/paroquias-da-regiao/paroquia-sao-pedro-barreira/", "region_url": "https://www.arquidiocesedefortaleza.org.br/arquidiocese/regioes/regiao-serra-nossa-senhora-da-palma/paroquias-da-regiao/"}
{"parish_name": "Par\u00f3quia S\u00e3o Sebasti\u00e3o", "location": "Centro", "region": "serra-nossa-senhora-da-palma", "parish_url": "https://www.arquidiocesedefortaleza.org.br/arquidiocese/regioes/regiao-serra-nossa-senhora-da-palma/paroquias-da-regiao/paroquia-sao-sebastiao-mulungu/", "region_url": "https://www.arquidiocesedefortaleza.org.br/arquidiocese/regioes/regiao-serra-nossa-senhora-da-palma/paroquias-da-regiao/"}
