{"parish_name": "\u00c1rea Mission\u00e1ria Santa Dulce dos Pobres", "times": ["S\u00e1bado: Santo Amaro \u00e0s 19 horas", "Domingo: S\u00e3o Vicente de Paulo \u00e0s 18h"]}
{"parish_name": "\u00c1rea Pastoral Mission\u00e1ria S\u00e3o Jos\u00e9 de Anchieta", "times": ["Domingo: 8h", "Quinta: 19h30"]}
{"parish_name": "Catedral Divino Esp\u00edrito Santo", "times": ["Segunda a sexta: \u00e0s 18h30", "S\u00e1bado: 18:30", "Domingo: 08h, 10h, 11h30, 17h e 18h30"]}
{"parish_name": "Casa de Maria Rainha da Paz", "times": ["Hor\u00e1rios de Missas", "Segundas: 06h30 e 19h", "Ter\u00e7as, quintas e sextas: 06h30", "Quartas: 6h, 7h, 8h, 11h, 14h, 16h, 17h e 19h30", "S\u00e1bados: 18h"]}
{"parish_name": "Par\u00f3quia Cora\u00e7\u00e3o de Maria", "times": ["Matriz", "Segunda: 19h30 (missa e adora\u00e7\u00e3o)", "Sexta: 19h30", "S\u00e1bado: 8h", "Domingo: 8h, 10h\u00a0 e 19h30", "Comunidade Santa Luzia", "Domingo: 8h e 18h", "Ter\u00e7a: 19h30", "Comunidade S\u00e3o Paulo Ap\u00f3stolo", "Quarta: 19h30", "Domingo: 18h"]}
{"parish_name": "Par\u00f3quia Cristo Rei", "times": ["Com. Imaculada Concei\u00e7\u00e3o:", "quinta \u00e0s 19h30, domingo \u00e0s 18h", "Com. S\u00e3o Jos\u00e9 Oper\u00e1rio:", "sexta \u00e0s 19h30", "Com. S\u00e3o Mateus:", "s\u00e1bado \u00e0s 18h", "Com. N. Sra. Aparecida:", "domingo \u00e0s 08h", "Com. S\u00e3o Jo\u00e3o Batista:", "domingo \u00e0s 10h", "Com. Nossa Senhora das Gra\u00e7as:", "domingo \u00e0s 19:30h"]}
{"parish_name": "Par\u00f3quia S\u00e3o Luis Orione", "times": ["Matriz", "Ter\u00e7a a S\u00e1bado: \u00e0s 19h", "Domingo: 8h, 18h e \u00e0s 19h30", "Com. Sagrada Fam\u00edlia", "Quinta: \u00e0s 19h", "Domingo: 9h", "Com. Imaculado Cora\u00e7\u00e3o de Maria", "Quarta: \u00e0s 19h", "S\u00e1bado: \u00e0s 19h"]}
{"parish_name": "Par\u00f3quia Jesus Bom Pastor", "times": ["S\u00e1bado", "Com. S\u00e3o Lucas: 19h30", "Domingo", "Com. N. Sra. do Perp\u00e9tuo Socorro: 7h30", "Com. S\u00e3o Francisco:\u00a0 9h", "Com. Sagrada Fam\u00edlia: 19h30"]}
{"parish_name": "Par\u00f3quia Jesus de Nazar\u00e9", "times": ["Matriz", "Segunda a Sexta: 06h30", "Com. Santa Teresinha", "S\u00e1bado: 19h", "Com. Sagrado Cora\u00e7\u00e3o de Jesus", "Domingo: 08h", "Com. Santa Clara", "Domingo: 09h30", "Com. S\u00e3o Pedro", "Domingo: 18h"]}
{"parish_name": "Santu\u00e1rio M\u00e3e Rainha", "times": ["Matriz", "Quarta: 19h30", "Quinta: 19h30", "Domingo: 7h30, 10h, 17h30 e 19h30"]}
{"parish_name": "Santu\u00e1rio N. Sra. de F\u00e1tima", "times": ["Segunda: 06h30", "Ter\u00e7a: 06h30 e 19h30", "Quarta: 6h30", "Quinta: 06h30 e 19h30", "Sexta: 06h30", "S\u00e1bado: 06h30 e 18h30", "Domingo: 07h30, 09h30, 11h30, 17h e 19h"]}
{"parish_name": "Par\u00f3quia N. Sra. do Monte do Carmo", "times": ["Quarta a sexta: 19h", "S\u00e1bado: 19h", "Domingo: 8h, 10h e 19h"]}
{"parish_name": "Par\u00f3quia Santa Filomena", "times": ["Quinta: 19h", "Sexta: 19h", "S\u00e1bado: 18h", "Domingo: 08h e 19h"]}
{"parish_name": "Par\u00f3quia Santa Teresinha do Menino Jesus", "times": ["Matriz:", "Quarta-feira : 19h30", "Sexta-feira (Missa com Novena Perp\u00e9tua de Santa Teresinha) : 19h30", "Domingo: 08h //10h//19h30", "Comunidade \u201cSanta Maria Madalena Postel\u201d:", "S\u00e1bado: 18h \u2013 Missa com as crian\u00e7as", "Domingo: 18h"]}
{"parish_name": "Par\u00f3quia Santo Ant\u00f4nio de P\u00e1dua", "times": ["Ter\u00e7a a sexta: 19h", "S\u00e1bado: 9h", "Domingo: 8h, 10h e 19h"]}
{"parish_name": "Par\u00f3quia S\u00e3o Crist\u00f3v\u00e3o", "times": ["Matriz", "Domingo: 07h30 e 19h30", "Segunda a s\u00e1bado: 19h", "Capela Sant\u00edssima Trindade", "Domingo 09h30 (missas das crian\u00e7as) e 18h"]}
{"parish_name": "Par\u00f3quia S\u00e3o Jo\u00e3o Batista", "times": ["Matriz S\u00e3o Jo\u00e3o Batista (1.106 Sul)", "Ter\u00e7as e Quintas \u00e0s 19h30", "Sextas \u00e0s 06h", "Domingos \u00e0s 08h e 19h30", "Capela Imaculada Concei\u00e7\u00e3o (1.204 Sul)", "Quartas \u00e0s 19h30", "Domingos \u00e0s 08h e 18h", "Capela Nossa Senhora Aparecida (1.304 Sul)", "S\u00e1bados \u00e0s 19h30", "Capela S\u00e3o Jo\u00e3o Paulo II (1.306 Sul)", "S\u00e1bados \u00e0s 18h", "Capela S\u00e3o Louren\u00e7o (1.104 Sul)", "\u00daltimo domingo do m\u00eas \u00e0s 19:30hs"]}
{"parish_name": "Par\u00f3quia S\u00e3o Jos\u00e9 - Matriz de Palmas", "times": ["Matriz", "Ter\u00e7a a sexta: 19h30", "Domingo: 7h30, 10h, 17h e 19h30", "Com. S\u00e3o Miguel Arcanjo", "S\u00e1bado: 19h30", "Com. N. Sra. do Ros\u00e1rio", "S\u00e1bado: 18h"]}
{"parish_name": "Par\u00f3quia S\u00e3o Judas Tadeu", "times": ["Ter\u00e7a e quinta: 19h30h", "Domingo: 07h30 e 18h30"]}
{"parish_name": "Par\u00f3quia N. Sra. das Merc\u00eas", "times": ["Matriz", "Quarta feira: 19h30", "Sexta feira: 19h30", "Domingo: 07h30 //\u00a0 19h30", "Comunidade Santo Expedito:", "Quinta feira: 19h30", "Domingo: 09h", "Comunidade Nossa senhora das Gra\u00e7as e S\u00e3o Felipe Neri:", "19h30", "Comunidade Santa Terezinha:", "S\u00e1bado: 19h30", "Comunidade S\u00e3o Jo\u00e3o Batista:", "Domingo: 16h00", "Comunidade Santa Clara:", "Ter\u00e7a feira: 19h30"]}
{"parish_name": "Par\u00f3quia Imaculado Cora\u00e7\u00e3o de Maria", "times": ["Quarta-feira a sexta-feira: 06h30", "Dom: 8h e 19h"]}
{"parish_name": "Par\u00f3quia N. Sra. Aparecida", "times": ["Matriz:", "ter\u00e7a \u00e0s 19h30, quinta \u00e0s 19h30, domingo \u00e0s 8h e 19h30", "Com. Santa Luzia:", "s\u00e1bado \u00e0s 19h30", "Com. N. Sra. Desatadora dos N\u00f3s:", "s\u00e1bado \u00e0s 19h30", "Com. S\u00e3o Bento:", "s\u00e1bado \u00e0s 19h30", "Com. Frei Galv\u00e3o:", "1\u00ba e 3 domingo do m\u00eas \u00e0s 8h", "Com. S\u00e3o Bartolomeu:", "domingo \u00e0s 9h30", "Com. Sant\u00edssima Trindade:", "domingo \u00e0s 18h", "Com. S\u00e3o Matias:", "domingo \u00e0s 8h", "Com. S\u00e3o Pedro:", "domingo \u00e0s 18h", "Com. Sagrado Cora\u00e7\u00e3o de Jesus:", "domingo \u00e0s 19h30", "Com. Imaculada Concei\u00e7\u00e3o:", "todo dia 8 de cada m\u00eas"]}
{"parish_name": "Par\u00f3quia N. Sra. do Perp\u00e9tuo Socorro", "times": ["Matriz", "Ter\u00e7a: 19h", "Quinta: 06h", "Domingo: 07h, 09h e 19h30"]}
{"parish_name": "Par\u00f3quia N. Sra. do Ros\u00e1rio", "times": ["Sexta-feira: 19h30", "Domingo: 08h e 19h30"]}
{"parish_name": "Par\u00f3quia Santa Rita de C\u00e1ssia", "times": ["Quinta: 19h30", "Domingo: 08h e 19h30"]}
{"parish_name": "Par\u00f3quia Santo Ant\u00f4nio de Lisboa (Aureny III)", "times": ["Matriz", "Quinta: 6h30", "Domingo: 7h30 e 19h", "Capela Santa Julia", "Ter\u00e7a: 6h30", "Capela N. Sra. de Guadalupe", "Sexta: 19h30", "Capela Santa Luzia", "S\u00e1bado: 18h", "Capela N. Sra. da Guia", "S\u00e1bado: 19h30", "Capela S\u00e3o Miguel", "Domingo: 9h"]}
{"parish_name": "Par\u00f3quia S\u00e3o Francisco de Assis", "times": ["Santa Missa:", "Quarta feira", ": 19h30", "Quinta feira", ": 19h", "S\u00e1bado", ": 09h", "Domingo:", "06h, 08h, 17h e 19h", "Todo dia 04 de cada m\u00eas \u00e0s 19h30 temos a missa votiva a S\u00e3o Francisco de Assis."]}
{"parish_name": "Par\u00f3quia Santo Expedito", "times": ["Matriz", "Ter\u00e7a: 19h30", "Quinta: 19h30", "Domingo: 7h30 e \u00e0s 19h", "Capela N. Sra. do Desterro", "Domingo: 17h", "Bom Jesus da Transfigura\u00e7\u00e3o (S\u00f4nia Regina)", "Domingo: 9h", "S\u00e3o Miguel Arcanjo (Jardim Vit\u00f3ria)", "Novena Nossa Senhora do Perpetuo Socorro", "Ter\u00e7a \u2013 feira: 19h30", "Adora\u00e7\u00e3o ao Sant\u00edssimo Sacramento", "Quinta-feira: 19h30"]}
{"parish_name": "Par\u00f3quia Sagrado Cora\u00e7\u00e3o de Jesus", "times": ["Matriz:", "Sexta-feira: 19h30", "Domingo: 19h30", "Comunidades:", "S\u00e1bado: 19h30 (Comunidade Desatadora dos nos)", "Domingo: 08h30 ( Capela S\u00e3o Pedro e S\u00e3o Louren\u00e7o)", "Domingo: 09h30 ( Comunidade S\u00e3o Bartolomeu)"]}
{"parish_name": "\u00c1rea Pastoral Mission\u00e1ria S\u00e3o Jos\u00e9 de Anchieta", "times": ["Domingo: 8h", "Quinta: 19h30"]}
{"parish_name": "Par\u00f3quia Bom Jesus da Serra", "times": ["Domingo: 08h"]}
{"parish_name": "Par\u00f3quia Divino Esp\u00edrito Santo (Mateiros)", "times": ["Matriz", "Domingo: 19:30", "Ter\u00e7a \u00e0s 19:30", "Quarta \u00e0s 19:30", "Na primeira sexta-feira do m\u00eas: 19:30 h", "Com. Nossa Senhora de Salete ( Vila Panambi ):", "S\u00e1bados \u00e0s 19:30", "Com. Nossa Senhora do Bom Parto ( Galh\u00e3o e Cachoeira):", "Domingo \u00e0s 11:00h", "Com. Nossa Senhora do Bom Parto ( Fazenda Nova):", "De 15 em 15 dias nas sextas feiras \u00e0s 19:30 h", "Com. Divino Esp\u00edrito Santo ( Galheiros):", "de 15 em 15 dias nas sextas feiras \u00e0s 18:00h", "Com. Nossa Senhora Aparecida (mumbuca):", "uma vez por m\u00eas"]}
{"parish_name": "Par\u00f3quia Imaculada Concei\u00e7\u00e3o (Lizarda)", "times": ["Ter\u00e7a: 19h30 \u2013 Matriz", "Quinta: 19h30 \u2013 Matriz", "Sexta: 06h30 \u2013 Igrejinha", "Domingo: 19h30 \u2013 Matriz"]}
{"parish_name": "Par\u00f3quia N. Sra. Aparecida (Aparecida do Rio Negro)", "times": ["Matriz", "Quinta feira: 18h \u2013 Adora\u00e7\u00e3o ao Sant\u00edssimo e 19h30 \u2013 Santa Missa", "Primeira sexta feira do m\u00eas \u2013 Missa votiva ao Sagrado Cora\u00e7\u00e3o de Jesus", "Domingo: 19h30", "Capela Santa Luzia", "Quarta feira: 19h30", "Domingo: 08h", "Comunidade S\u00e3o Pedro", "Primeiro s\u00e1bado do m\u00eas- 19h30", "Comunidade S\u00e3o Jo\u00e3o Batista", "Terceiro s\u00e1bado de cada m\u00eas : 17h, Assentamento Faveira", "Comunidade Santa Dulce dos Pobres", "Primeiro domingo de cada m\u00eas: 11h", "Comunidade S\u00e3o Miguel Arcanjo:", "07h30, Segundo domingo de cada m\u00eas", "Comunidade Senhor do Bonfim:", "10h, segundo domingo de cada m\u00eas", "Comunidade Santa Rita", ": 16h, Quarto domingo de cada m\u00eas", "Comunidade S\u00e3o Jos\u00e9:", "11h, terceiro s\u00e1bado de cada m\u00eas"]}
{"parish_name": "Par\u00f3quia Imaculada Concei\u00e7\u00e3o (S\u00e3o F\u00e9lix do TO)", "times": ["Segunda, ter\u00e7a, quarta e quinta:", "19h \u2013 Matriz da Imaculada", "Domingo:", "08h \u2013 Centro de estudos musicais.", "19h30 \u2013 Matriz da Imaculada"]}
{"parish_name": "Par\u00f3quia N. Sra. do Perp\u00e9tuo Socorro (Rio Sono)", "times": ["Matriz", "Domingo: 19h30", "Comunidade Santa In\u00eas", "Quarta-feira: 19h30", "Comunidade Rural", "1\u00b0 s\u00e1bado :", "Comunidade S\u00e3o Sebasti\u00e3o (Terra Dura) \u2013 8h", "Comunidade Divino Pai eterno ( 3 pedras) \u2013 10h", "Comunidade Imaculada Concei\u00e7\u00e3o (Mansinha) \u2013 19h30", "1\u00ba Domingo:", "Comunidade S\u00e3o Jo\u00e3o Batista. (PRATA) \u2013 08h", "COMUNIDADE NOSSA SENHORA DAS GRA\u00c7AS (Brejo Fundo) \u2013 9h", "Comunidade S\u00e3o Bernardo (Chifre Fino)- 11h", "Comunidade Chinelo \u2013 11h", "Comunidade Santa Cruz no Sitio Novo \u2013 14h", "Comunidade Nossa senhora Aparecida\u00a0 (Canjarana)\u00a0 16h", "3\u00ba s\u00e1bado:", "Comunidade N.S. Aparecida (Riach\u00e3o) : 09h", "Comunidade Santa Ana e S\u00e3o Joaquim no Cuia de Mel: 11h", "Comunidade Imaculada Concei\u00e7\u00e3o na Mansinha: 19h30", "3\u00b0 Domingo", "Comunidade S\u00e3o Jo\u00e3o Batista Prata \u2013 08h", "Comunidade N.S. das Gra\u00e7as Brejo Fundo \u2013 09h", "Comunidade \u00c1gua Feia \u2013 14h"]}
{"parish_name": "Par\u00f3quia N. Sra. das Gra\u00e7as (Novo Acordo)", "times": ["Matriz:", "Quinta-feira: 19horas", "Domingo: 08h// 19h30", "Todo os dias 19 de cada m\u00eas missa votiva f\u00e9 S\u00e3o Jos\u00e9", "Toda primeira sexta-feira missa votiva do Sagrado Cora\u00e7\u00e3o de Jesus", "Comunidades", "Santo Ant\u00f4nio da Taboca:", "Uma vez por m\u00eas, todo \u00faltimo S\u00e1bado. Hor\u00e1rio 12h", "S\u00e3o Jo\u00e3o Batista Assentamento de 15 em 15 dias no S\u00e1bado. Hor\u00e1rio 19:30", "Imaculada Concei\u00e7\u00e3o no Balsa toda terceira sexta-feira do m\u00eas as 19:30", "Nossa Senhora Aparecida em Novo Horizonte de 15 em 15 no s\u00e1bado as 19:30"]}
{"parish_name": "Par\u00f3quia N. Sra. M\u00e3e da Divina Provid\u00eancia (Lajeado)", "times": ["Domingo:", "08h \u2013 Capela Nossa Senhora Aparecida", "09h \u2013 S\u00e3o Jos\u00e9 Oper\u00e1rio", "11h \u2013 Fazenda da Esperan\u00e7a", "11h \u2013 Mut\u00fam (1\u00ba e 3\u00ba domingo do m\u00eas)", "17h \u2013 S\u00e3o Sebasti\u00e3o (Lajeadinho \u2013 4\u00ba Domingo do M\u00eas) 19h \u2013 Matriz", "Quarta-feira", "19h \u2013 Capela Nossa Senhora Aparecida"]}
{"parish_name": "Par\u00f3quia Santa Teresa D'\u00c1vila (Santa Tereza do TO)", "times": ["Matriz", "Domingo: 19h30", "Ter\u00e7a-feira: 19h30", "Comunidade S\u00e3o Domingos de Gusm\u00e3o", "Domingo: 08h", "Comunidade Nossa Senhora Aparecida", "S\u00e1bado: uma vez ao m\u00eas, 10h"]}
{"parish_name": "Par\u00f3quia S\u00e3o Jo\u00e3o Batista (Lagoa do TO)", "times": ["Capela Madre Rossello:", "Ter\u00e7a e Sexta: 19h", "Domingo:07h30", "Matriz:", "Quinta-feira : 19h", "Domingo: 19h30"]}
{"parish_name": "Par\u00f3quia S\u00e3o Sebasti\u00e3o (Tocant\u00ednia)", "times": ["Domingo: 08h e 19h", "Ter\u00e7a \u2013 feira: Capela \u201cNossa Senhora das Merc\u00eas\u201d\u00a0 \u2013 09h", "Quarta-feira: Com. Nossa Senhora do Perp\u00e9tuo Socorro \u2013 19h", "Terceiro s\u00e1bado do m\u00eas: Sert\u00e3o Assentamento Buritirana \u2013 09h", "Assentamento \u00c1gua Fria I \u2013 15h", "Assentamento \u00c1gua Fria II \u2013 17h"]}
