{"parish_name": "Nossa Senhora da Penha", "location": "S\u00e3o Jos\u00e9/Recife", "times": ["Ter\u00e7as-feiras: 11h", "Quintas-feiras: 16h", "Sextas-feiras: 6h; 8h; 10h; 12h; 15h e 17h", "Domingos: 8h", "Telefone: 3424.8500"]}
{"parish_name": "Nossa Senhora do Carmo", "location": "Santo Ant\u00f4nio/Recife", "times": ["Segundas-feiras: 7h e 8h", "Ter\u00e7as e quartas-feiras: 7h; 8h; 12h e 18h", "Quintas-feiras: 7h; 8h; 12h e 16h", "Sextas-feiras: 7h; 8h; 12h 15h e 18h", "S\u00e1bados: 7h e 10h Domingos: 10h e 19h", "Telefone: 3224.3341"]}
{"parish_name": "S\u00e3o Bento", "location": "Varadouro/Olinda", "times": ["Segunda a s\u00e1bado: 6h30", "Domingos: 10h e 18h", "Telefone: 3316.3290"]}
{"parish_name": "Sagrado Cora\u00e7\u00e3o de Jesus", "location": "Boa Vista/Recife", "times": ["Domingo", ": 07h; 10h; 17h e 19h.", "Segunda-feira, ter\u00e7a-feira, quinta-feira, sexta-feira e s\u00e1bado", ": 6h25 e 17h.", "Quarta-feira:", "6h25 e 19h.", "Telefone:", "2129.5940"]}
{"parish_name": "Nossa Senhora Auxiliadora", "location": "Col\u00f4nia salesiana/Jaboat\u00e3o dos Guararapes", "times": ["Domingos: 8h30 Telefone: 34181.0322"]}
{"parish_name": "Santu\u00e1rio de Nossa Senhora da Imaculada Concei\u00e7\u00e3o", "location": null, "times": ["De ter\u00e7a a sexta: 19h", "S\u00e1bados: 10h30 e 19h", "Domingos: 7h; 9h e 18h", "Telefone: 3268-9255"]}
{"parish_name": "Santu\u00e1rio de Nossa Senhora de F\u00e1tima", "location": null, "times": ["S\u00e1bado: 16h", "Domingo: 11h30", "No \u00faltimo domingo do m\u00eas, 10h, missa para as crian\u00e7as", "Quinta-feira: 19h (adora\u00e7\u00e3o).", "Todo dia 13 de cada m\u00eas: 12h e 19h (mesmo se cair no s\u00e1bado ou no domingo. Neste caso, a missa de 11h30 do domingo \u00e9 adiada para o meio-dia e a missa das 16h do s\u00e1bado \u00e9 mantida).", "Na Capela Santo In\u00e1cio de Loyola e Primeiros Companheiros Jesu\u00edtas", "(Universidade Cat\u00f3lica de Pernambuco), apenas no per\u00edodo de aulas na Unicap:", "De segunda a sexta-feira: 6h30", "De segunda a sexta-feira: 18h (menos na quarta, quando h\u00e1 uma ora\u00e7\u00e3o ecum\u00eanica \u2013 Taiz\u00e9)"]}
{"parish_name": "Igreja de Santa Teresinha", "location": "Rua da Baixa Verde, Derby", "times": ["De ter\u00e7a a sexta-feira: 17h", "S\u00e1bados: 16h", "Domingos: 08h e 17h"]}
{"parish_name": "Divino Esp\u00edrito Santo", "location": "Jardim Brasil I/Olinda", "times": ["Quintas-feiras: 17h30", "S\u00e1bados: 18h"]}
{"parish_name": "Nossa Senhora da Concei\u00e7\u00e3o", "location": "Barro/Recife", "times": ["Segundas, quintas-feiras e s\u00e1bados: 19h", "Domingos: 7h e 19h"]}
{"parish_name": "Assun\u00e7\u00e3o de Maria", "location": "Rio Doce/Olinda", "times": ["Quintas e sextas-feiras: 19h", "Domingos: 7h e 18h"]}
{"parish_name": "Bom Jesus do Arraial", "location": "Casa Amarela/Recife", "times": ["Ter\u00e7a-feira a sexta-feira: 7h e 19h", "S\u00e1bado: 17h", "Domingo: 7h, 10 e 18h", "1? S\u00e1bado do m\u00eas: 9h"]}
{"parish_name": "Col\u00e9gio Maria Tereza", "location": "Av. Bar\u00e3o de Souza Le\u00e3o, Boa Viagem/Recife", "times": ["Ter\u00e7as e quintas-feiras: 18h", "Quartas e sextas-feiras: 6h40", "S\u00e1bados: 18h", "Domingos: 10h30 e 17h"]}
{"parish_name": "Cora\u00e7\u00e3o Imaculado de Maria", "location": "Bras\u00edlia Teimosa/Recife", "times": ["Quintas e sextas-feiras: 19h", "S\u00e1bados: 19h", "Domingos: 8h30 e 18h"]}
{"parish_name": "Cristo Rei", "location": "Cabo de Santo Agostinho", "times": ["Ter\u00e7as, quintas e sextas-feiras: 18h30", "Quartas-feiras: 19h30", "Domingos: 7h e 19h"]}
{"parish_name": "Mari\u00e1polis Santa Maria", "location": "Ana de Albuquerque/Igarassu", "times": ["De segunda a sexta-feira: 18h", "S\u00e1bados: 18h", "Domingos: 8h30"]}
{"parish_name": "Nossa Senhora Aparecida", "location": "Bela Vista/Vit\u00f3ria de Santo Ant\u00e3o", "times": ["De segunda a sexta-feira: 19h30", "S\u00e1bados: 19h30", "Domingos: 7h e 19h30"]}
{"parish_name": "Nossa Senhora da Ajuda", "location": "Peixinhos/Olinda", "times": ["Quintas-feiras: 19h", "S\u00e1bados: 19h", "Domingos: 7h e 19h"]}
{"parish_name": "Nossa Senhora da Apresenta\u00e7\u00e3o da Escada", "location": "Centro/Escada", "times": ["Quartas-feiras: 19h30", "S\u00e1bados: 19h30", "Domingos: 6h30; 16h e 19h30"]}
{"parish_name": "Nossa Senhora da Boa Viagem", "location": "Boa Viagem/Recife", "times": ["Ter\u00e7a-feira \u00e0s 17h", "Quarta-feira \u00e0s 17h", "Quinta-feira \u00e0s 17h e \u00e0s 19h30 (com Adora\u00e7\u00e3o ao Sant\u00edssimo Sacramento)", "Sexta-feira \u00e0s 17h", "S\u00e1bado \u00e0s 7h30 (s\u00e1bados marianos) e \u00e0s 17h", "Domingo \u00e0s 8h30, 11h (com as crian\u00e7as), 16h, 18h e 20h", "Telefone: 3326-6161"]}
{"parish_name": "Nossa Senhora da Concei\u00e7\u00e3o", "location": "Barro/Recife", "times": ["Segundas, quintas e sextas-feiras: 19h", "S\u00e1bados: 19h Domingos: 7h; 9h e 19h"]}
{"parish_name": "Nossa Senhora da Concei\u00e7\u00e3o", "location": "Beberibe/Recife", "times": ["Quintas-feiras: 19h30", "Primeiras sextas-feiras: 17h", "S\u00e1bados: 19h30", "Domingos: 7h e17h"]}
{"parish_name": "Nossa Senhora da Concei\u00e7\u00e3o", "location": "Cidade Tabajara/Olinda", "times": ["Quintas-feiras: 19h30; 19h e 17h30", "S\u00e1bados: 16h e 19h", "Domingos: 7h30; 16h e 18h"]}
{"parish_name": "Nossa Senhora da Concei\u00e7\u00e3o Aparecida", "location": "Ipsep/Recife", "times": ["Quartas e sextas-feiras: 18h", "S\u00e1bados: 17h", "Domingos: 8h e 18h"]}
{"parish_name": "Nossa Senhora da Luz", "location": "Matriz da Luz/S\u00e3o Louren\u00e7o da Mata", "times": ["Ter\u00e7as-feiras: 8h", "Quartas-feiras: 7h", "Domingos: 8h e 19h"]}
{"parish_name": "Nossa Senhora da Piedade", "location": "Piedade/Jaboat\u00e3o dos Guararapes", "times": ["De ter\u00e7a a sexta-feira: 19h30", "S\u00e1bados: 19h", "Domingos: 7h; 11h e 19h", "Telefone: 3361-0992"]}
{"parish_name": "Nossa Senhora da Soledade", "location": "Soledade/Recife", "times": ["De ter\u00e7a a sexta-feira: 7h", "De ter\u00e7a a quinta-feira: 18h", "S\u00e1bados: 17h", "Domingos: 7h e 18h"]}
{"parish_name": "Nossa Senhora das Candeias", "location": "Candeias/Jaboat\u00e3o dos Guararapes", "times": ["Ter\u00e7as-feiras: 19h30", "Quartas-feiras: 8h", "Quintas-feiras: 19h30", "1\u00aa sexta-feira do m\u00eas: 8h", "2\u00aa sexta-feira do m\u00eas:19h30 na Comunidade Carolinas", "3\u00aa sexta-feira do m\u00eas:19h30 na Orla (pr\u00f3x. ao restaurante Dumaranh\u00e3o)", "S\u00e1bados: capela M\u00e3e Rainha, \u00e0s 17h30 e \u00e0s 19h, na igreja matriz", "Domingos: 7h, 10h e 19h, na igreja matriz", "Telefone: 3093.2388"]}
{"parish_name": "Nossa Senhora das Dores", "location": "Apipucos/Recife", "times": ["De ter\u00e7a a sexta-feira: 19h", "Domingos: 19h"]}
{"parish_name": "Nossa Senhora das Gra\u00e7as", "location": "Engenho do Meio/Recife", "times": ["1\u00aa segunda-feira do m\u00eas: 19h", "Todas as quintas-feiras: 19h", "1\u00aa sexta-feira do m\u00eas: 19h", "S\u00e1bados: 19h30", "1\u00ba s\u00e1bado do m\u00eas: 15h", "Domingos: 7h e 19h", "Fone: 3038.5804"]}
{"parish_name": "Nossa Senhora das Gra\u00e7as", "location": "UR 1 Ibura/Recife", "times": ["Quintas e sextas-feiras: 19h30", "S\u00e1bados: 18h e 19h30", "Domingos: 7h30; 9h; 16h e 17h"]}
{"parish_name": "Nossa Senhora de F\u00e1tima", "location": "Bairro Novo/Olinda", "times": ["Segundas, ter\u00e7as, quintas e sextas-feiras: 17h", "S\u00e1bados: 16h30", "Domingos: 7h30; 17h e 19h30"]}
{"parish_name": "Nossa Senhora de F\u00e1tima", "location": "Boa Viagem/Recife", "times": ["Segundas: 19h", "De ter\u00e7a a sexta-feira: 6h50 e 19h", "S\u00e1bados: 6h50; 17h e 19h", "Domingos: 7h; 9h, 16h e 18h"]}
{"parish_name": "Nossa Senhora de F\u00e1tima", "location": "Mangabeira/Recife", "times": ["Segundas-feiras: 11h", "Ter\u00e7as, quintas e sextas-feiras: 19h30", "S\u00e1bados: 19h30", "Domingos: 7h e 19h30"]}
{"parish_name": "Nossa Senhora de F\u00e1tima", "location": "Paratibe/Paulista", "times": ["De quarta a sexta-feira: 19h", "Domingos: 8h e 19h"]}
{"parish_name": "Nossa Senhora de F\u00e1tima", "location": "San Martin/Recife", "times": ["De segunda a sexta-feira: 19h30", "S\u00e1bados: 19h", "Domingos: 10h; 16h e 19h30"]}
{"parish_name": "Nossa Senhora de F\u00e1tima", "location": "San Martin/Recife", "times": ["S\u00e1bados: 19h30", "Domingos: 10h; 16h e 19h30"]}
{"parish_name": "Nossa Senhora de Guadalupe", "location": "Guadalupe/Olinda", "times": ["Quartas-feiras: 19h30", "Domingos: 7h30 e 19h"]}
{"parish_name": "Nossa Senhora de Lourdes", "location": "Cavaleiro/ Jaboat\u00e3o dos Guararapes", "times": ["Quartas, quintas e sextas-feiras: 19h30", "S\u00e1bados: 19h30", "Domingos: 7h30; 16h e 19h"]}
{"parish_name": "Nossa Senhora de Lourdes", "location": "Nova Descoberta/Recife", "times": ["Quintas-feiras: 19h30", "Domingos: 7h e 19h"]}
{"parish_name": "Nossa Senhora de Lourdes", "location": "Nova Descoberta/Recife", "times": ["Quintas-feiras: 19h", "Domingos: 7h e 19h"]}
{"parish_name": "Nossa Senhora de Bel\u00e9m", "location": "Encruzilhada/Recife", "times": ["Quartas-feiras: 17h", "Sextas-feiras: 17h", "S\u00e1bados: 16h", "Domingos: 08h30 e 17h"]}
{"parish_name": "Nossa Senhora do Bom Conselho", "location": "Ponte dos Carvalhos/Cabo de Santo Agostinho", "times": ["Quintas-feiras: 19h30", "S\u00e1bados: 19h30", "Domingos: 8h e 19h"]}
{"parish_name": "Nossa Senhora do Bom Parto", "location": "Campo Grande/Recife", "times": ["Ter\u00e7as, quintas e sextas-feiras: 19h", "S\u00e1bados: 16h", "Domingos: 8h e 19h"]}
{"parish_name": "Nossa Senhora do Carmo", "location": "Cajueiro Seco/Recife", "times": ["Quartas, quintas e sextas-feiras: 19h30", "S\u00e1bados: 17h30 e 19h30", "Domingos: 7h30; 17h30 e 19h30"]}
{"parish_name": "Nossa Senhora do Carmo", "location": "Cajueiro Seco/Recife", "times": ["Quintas-feiras: 19h30", "Domingos: 7h30; 17h30 e 19h30"]}
{"parish_name": "Nossa Senhora do Livramento", "location": "Vit\u00f3ria de Santo Ant\u00e3o", "times": ["Quartas-feiras: 19h", "Domingos: 6h; 8h e 19h", "Telefone: 9.9783.5267"]}
{"parish_name": "Nossa Senhora do Loreto", "location": "Piedade/Jaboat\u00e3o dos Guararapes", "times": ["Quintas-feiras: 19h30", "Sextas-feiras: 8h", "S\u00e1bados: 16h", "Domingos: 7h e 19h"]}
{"parish_name": "Nossa Senhora do Monte", "location": "Centro/Ara\u00e7oiaba", "times": ["De segunda a sexta-feira: 19h", "S\u00e1bados: 19h", "Domingos: 8h e 19h"]}
{"parish_name": "Nossa Senhora do \u00d3", "location": "Nossa Senhora do \u00d3/Paulista", "times": ["Ter\u00e7as-feiras: 6h", "Sextas-feiras: 19h", "S\u00e1bados: 17h", "Domingos: 7h e 8h30"]}
{"parish_name": "Nossa Senhora do Perp\u00e9tuo Socorro", "location": "Madalena/Recife", "times": ["Ter\u00e7as-feiras: 7h e 16h \u2013 ( Missa e Novena Perp\u00e9tua)", "Quintas-feiras: 19h30 ( Missa e Adora\u00e7\u00e3o ao Sant\u00edssimo", "S\u00e1bados: 17h", "Domingos: 7h30; 10h30; 17h e 19h"]}
{"parish_name": "Nossa Senhora do Perp\u00e9tuo Socorro", "location": "Socorro/Jaboat\u00e3o dos Guararapes", "times": ["Quartas-feiras: 18h30", "Quintas-feiras: 19h", "Domingos: 6h30 e 18h"]}
{"parish_name": "Nossa Senhora do Ros\u00e1rio", "location": "Boa Viagem/Recife", "times": ["Ter\u00e7as e quintas-feiras: 19h", "Domingos: 9h e 18h", "Fone: 3342-0304"]}
{"parish_name": "Nossa Senhora do Ros\u00e1rio", "location": "V\u00e1rzea, Recife/PE", "times": ["De ter\u00e7a a s\u00e1bado \u2013 19h", "Domingos \u2013 07h, 11h e 19h"]}
{"parish_name": "Nossa Senhora do Ros\u00e1rio", "location": "Muribeca", "times": ["De ter\u00e7a a sexta-feira: 19h30", "S\u00e1bados: 17h e 19h", "Domingos: 7h e 19h"]}
{"parish_name": "Nossa Senhora do Ros\u00e1rio", "location": "Novo Guararapes/Jaboat\u00e3o dos Guararapes", "times": ["Quintas-feiras: 19h", "1\u00aa Sexta do m\u00eas: 19h30", "3\u00ba s\u00e1bado do m\u00eas: 9h e 19h30", "Domingos: 8h e 19h"]}
{"parish_name": "Nossa Senhora do Ros\u00e1rio", "location": "Pina/Recife", "times": ["Ter\u00e7as e sextas-feiras: 19h", "S\u00e1bados: 19h", "Domingos: 8h, 12h e 18h", "Telefone: 3326-03497"]}
{"parish_name": "Nossa Senhora do Ros\u00e1rio", "location": "Tejipi\u00f3/Recife", "times": ["Quartas e sextas-feiras: 19h", "Domingos: 7h e 17h"]}
{"parish_name": "Nossa Senhora do Ros\u00e1rio e Santa Luzia", "location": "Torre /Recife", "times": ["Ter\u00e7as \u2013 19h (com adora\u00e7\u00e3o)", "Quartas e sextas \u2013 19h", "S\u00e1bados \u2013 16h e 19h", "Domingos \u2013 7h, 11h, 16h e 19h"]}
{"parish_name": "Nossa Senhora do Ros\u00e1rio de Pomp\u00e9ia", "location": "Mustardinha/Recife", "times": ["Quartas e sextas-feiras: 19h30", "Quintas-feiras: 8h30", "S\u00e1bados: 19h", "Domingos: 8h e 19h"]}
{"parish_name": "Nossa Senhora dos Prazeres", "location": "Paulista", "times": ["Quintas-feiras: 19h30", "S\u00e1bados: 19h30", "Domingos: 7h e 17h"]}
{"parish_name": "Nossa Senhora dos Rem\u00e9dios", "location": "Madalena/Recife", "times": ["Quartas-feiras: 19h", "Domingos: 9h e 18h"]}
{"parish_name": "Nossa Senhora Rainha da Paz", "location": "Pontezinha/Cabo de Santo Agostinho", "times": ["Quartas-feiras: 19h30", "S\u00e1bados: 17h (Missa com Crian\u00e7as)", "Domingos: 7h30 e 19h30"]}
{"parish_name": "Sagrada Fam\u00edlia", "location": "Loteamento Agamenon Magalh\u00e3es/Igarassu", "times": ["Ter\u00e7as e quintas-feiras: 19h", "S\u00e1bados: 19h", "Domingos: 7h; 9h e 19h"]}
{"parish_name": "Sagrado Cora\u00e7\u00e3o de Jesus", "location": "Curado II/Jaboat\u00e3o dos Guararapes", "times": ["Quintas-feiras: 19h30", "S\u00e1bados: 16h", "Domingos: 7h e 19h"]}
{"parish_name": "Sagrado Cora\u00e7\u00e3o de Jesus", "location": "\u00c1guas Compridas/Olinda", "times": ["Domingos: 17h"]}
{"parish_name": "Sagrado Cora\u00e7\u00e3o de Jesus", "location": "Casa Forte/Recife", "times": ["Ter\u00e7a a sexta: 19h", "S\u00e1bados: 16h e 19h30", "Domingos: 8h, 17h e 19h30"]}
{"parish_name": "Sagrado Cora\u00e7\u00e3o de Jesus", "location": "Jaguaribe/Escada", "times": ["Sextas-feiras: 19h30", "\u00daltima ter\u00e7a-feira do m\u00eas: 19h30", "S\u00e1bados: 17h", "Domingos: 7h e 16h"]}
{"parish_name": "Sagrado Cora\u00e7\u00e3o de Jesus", "location": "Salgadinho/Olinda", "times": ["De ter\u00e7a a sexta-feira: 19h", "S\u00e1bados: 19h", "Domingos: 6h30 e 19h"]}
{"parish_name": "Sagrado Cora\u00e7\u00e3o de Jesus", "location": "Vila da F\u00e1brica/Camaragibe", "times": ["Quintas-feiras e 1\u00aa sexta-feira do m\u00eas: 19h30", "S\u00e1bados: 19h", "Domingos: 19h"]}
{"parish_name": "Sagrado Cora\u00e7\u00e3o Eucar\u00edstico de Jesus", "location": "Espinheiro", "times": ["Matriz do Espinheiro:", "Ter\u00e7as, quartas e sextas \u00e0s 7h", "Quintas \u00e0s 19h (com ben\u00e7\u00e3o do Sant\u00edssimo Sacramento)", "S\u00e1bados \u00e1s 17h", "Domingos: 7h, 9h, 16h e 18h", "Capela Nossa Senhora dos Aflitos:", "Segundas, quartas e quintas \u00e0s 16h", "Domingos \u00e0s 11h"]}
{"parish_name": "Santa Clara", "location": "Jardim Paulista", "times": ["Quintas-feiras: 19h", "S\u00e1bados: 19h", "Domingos: 8h30 e 19h"]}
{"parish_name": "Santa Maria M\u00e3e de Deus", "location": "Macaxeira/Recife", "times": ["Ter\u00e7as e quintas-feiras: 19h", "1\u00aa sexta-feira do m\u00eas: 19h", "Domingos: 8h e 19h30"]}
{"parish_name": "Santa Teresinha do Menino Jesus", "location": "Bonan\u00e7a", "times": ["Ter\u00e7as, quartas e sextas: 06h30", "Quintas-feiras: 19h", "Domingos: 7h30 e 19h"]}
{"parish_name": "Sant\u00edssimo Sacramento", "location": "Boa Vista/Recife", "times": ["De segunda a sexta-feira: 7h e 18h", "S\u00e1bados: 7h e 18h", "Domingos: 9h, 11h e 18h"]}
{"parish_name": "Sant\u00edssimo Sacramento \u2013\u00a0Santo\u00a0Ant\u00f4nio", "location": null, "times": ["Ter\u00e7as, quintas e sextas: 12h", "Domingo:11h", "* Igreja Ros\u00e1rio dos Homens Pretos", "Segundas-feiras: 12h", "Quartas-feiras: 12h e 19h"]}
{"parish_name": "Santo Ant\u00f4nio", "location": "Barra de Jangada", "times": ["1\u00aa quarta-feira do m\u00eas: 19h30 na Capela N. Sra. Aparecida (Missa e Adora\u00e7\u00e3o)", "2\u00aa quarta-feira do m\u00eas: 19h30 na Capela N. Sra. da Esperan\u00e7a \u00a0(Missa e Adora\u00e7\u00e3o)", "3\u00aa quarta-feira do m\u00eas: 19h30 na Capela S. Vicente de Paulo\u00a0 (Missa e Adora\u00e7\u00e3o)", "4\u00aa quarta-feira do m\u00eas: 19h30 na Capela Bom Pastor\u00a0 (Missa e Adora\u00e7\u00e3o)", "Quintas-feiras: 19h30 na Igreja Matriz, seguida de Adora\u00e7\u00e3o e B\u00ean\u00e7\u00e3o do Ssmo.", "1\u00aa sexta-feira do m\u00eas: 19h30 na Igreja Matriz", "Sextas-feiras (exceto na 1\u00aa do m\u00eas): 19h30 na Comunidade N. Sra. das Gra\u00e7as", "S\u00e1bados: 16h na capela N. Sra. da Esperan\u00e7a; 17h30 na capela N. Sra. Aparecida; 19h na Igreja Matriz", "Domingos: 7h e 18h na Igreja Matriz; 10h30 na capela Bom Pastor; 16h na capela S. Vicente de Paulo"]}
{"parish_name": "pela Nossa Senhora de Lourdes", "location": null, "times": ["Ca", "(No Hospital dos Servidores)", "Ter\u00e7as: 16h"]}
{"parish_name": "Capela S\u00e3o Joaquim e Santana", "location": null, "times": ["1\u00ba S\u00e1bado de cada m\u00eas: 19h30"]}
{"parish_name": "Pra\u00e7a Nossa Senhora de F\u00e1tima no Rosarinho", "location": null, "times": ["1\u00aa Segunda-feira do m\u00eas: 19h", "Fone: 3222-0873"]}
{"parish_name": "Santo Amaro", "location": "Centro/Jaboat\u00e3o dos Guararapes", "times": ["Domingos: 8h30", "Fone: 34810263"]}
{"parish_name": "Santo Ant\u00e3o", "location": "Centro/Vit\u00f3ria de Santo Ant\u00e3o", "times": ["Quartas e quintas-feiras: 17h", "Sextas-feiras: 18h", "S\u00e1bados: 16h e 19h", "Domingos: 6h30; 9h e 19h"]}
{"parish_name": "Santo Ant\u00f4nio", "location": "Arruda e \u00c1gua Fria/Recife", "times": ["Ter\u00e7as: 19h", "Sextas-feiras: 18h30", "S\u00e1bados: 18h30", "Domingos: 7h30 e 18h30"]}
{"parish_name": "Santo Ant\u00f4nio", "location": "Areias\u00a0/\u00a0Recife", "times": ["Domingo: 07h; 09h e 19h30"]}
{"parish_name": "Santo Ant\u00f4nio", "location": "Centro/Cabo de Santo Agostinho", "times": ["Domingos: 7h; 16h e 19h", "Quartas: 19h", "Quintas: 19h", "S\u00e1bados: 16h"]}
{"parish_name": "Santo Ant\u00f4nio", "location": "Primavera", "times": ["Ter\u00e7as e quintas-feiras: 17h", "1\u00aa sexta-feira do m\u00eas: 19h30", "Domingos: 7h30 e 19h30"]}
{"parish_name": "Santo Ant\u00f4nio dos Guararapes", "location": "Prazeres/Jaboat\u00e3o dos Guararapes", "times": ["De ter\u00e7a e quintas-feiras: 19h30", "S\u00e1bados: 17h", "Domingos: 7h; 10h30 e 18h", "Telefone: 3476-6428"]}
{"parish_name": "Santos Cosme e Dami\u00e3o", "location": "Centro/Igarassu", "times": ["Quintas-feiras: 19h", "Domingos: 7h e 19h"]}
{"parish_name": "S\u00e3o Benedito", "location": "Peixinhos/Olinda", "times": ["Domingos: 7h e 17h", "Quintas-feiras: 19h30", "1\u00aa sexta-feira de cada m\u00eas: 19h30"]}
{"parish_name": "S\u00e3o Francisco de Assis", "location": "Rio Doce/Olinda", "times": ["Quintas-feiras: 19h30", "1\u00aa sexta-feira do m\u00eas: 7h", "Dia 18 de todo m\u00eas: 7h", "S\u00e1bados: 15h; 17h e 19h30", "Domingos: 7h; 9h; 10h30 e 17h"]}
{"parish_name": "S\u00e3o Francisco de Assis", "location": "Vila Torres Galv\u00e3o", "times": ["Quartas-feiras: 19h", "Sextas-feiras: 16h", "S\u00e1bados: 19h30", "Domingos: 7h30 e 19h"]}
{"parish_name": "Matriz S\u00e3o Francisco de Assis- Timb\u00ed Camaragibe/PE", "location": null, "times": ["Matriz:", "Quarta-feira", ": 19h \u2013 Novena do Poder de Deus; 19h30 \u2013 Missa", "Domingo:", "Missa: 7h e \u00e0s 17h"]}
{"parish_name": "Capelas:", "location": null, "times": ["S\u00e1bado", ":", "M\u00e3e Rainha(Alto Santo Ant\u00f4nio, Camaragibe/PE): 16h", "Santo Ant\u00f4nio(Loteamento Santa Terezinha, Alberto Maia- Camaragibe/PE): 17h30", "Nossa Senhora do Carmo(Alberto Maia, Camaragibe/PE): 19h"]}
{"parish_name": "Domingo:", "location": null, "times": ["Santa Em\u00edlia de Rodat(Santa M\u00f4nica, Camaragibe/PE): 9h", "Santa M\u00f4nica(Santa M\u00f4nica, Camaragibe/PE): 19h"]}
{"parish_name": "S\u00e3o Gon\u00e7alo do Amarante", "location": "Centro/Itapissuma", "times": ["Quartas-feiras: 19h", "Domingos \u2013 7h e 19h"]}
{"parish_name": "S\u00e3o Jo\u00e3o Batista", "location": "Sancho/Recife", "times": ["Quartas-feiras: 19h", "1\u00b0 Quinta-feira do m\u00eas: 19h", "S\u00e1bado: 16h", "Domingos: 7h30 e 19h"]}
{"parish_name": "S\u00e3o Jo\u00e3o Bosco", "location": "Caet\u00e9s/Abreu e Lima", "times": ["Quartas-feiras: 19h30", "Sextas-feiras: 16h", "Domingos: 8h e 19h30"]}
{"parish_name": "S\u00e3o Jos\u00e9", "location": "S\u00e3o Jos\u00e9/Recife", "times": ["De segunda a sexta-feira: 17h ou 19h", "Domingos: 9h e 11h"]}
{"parish_name": "S\u00e3o Jos\u00e9 em Casa Caiada \u00a0\u2013 Casa Caiada, Olinda-PE", "location": null, "times": ["Domingo: 8h, 10h e 19h", "Ter\u00e7a-feira: 19h", "Quarta-feira: 7h", "Quinta-feira: 7h e 19h (Missas com Adora\u00e7\u00e3o ao Sant\u00edssimo)", "Sexta-feira: 7h", "S\u00e1bado: 19h", "Todos os dias 19 de cada m\u00eas, temos Missa Votiva a S\u00e3o Jos\u00e9, \u00e0s 19h.", "Todas as primeiras sextas-feiras do m\u00eas, missa do Sagrado Cora\u00e7\u00e3o de Jesus, \u00e0s 7h."]}
{"parish_name": "S\u00e3o Jos\u00e9 Oper\u00e1rio", "location": "Vila Social/Cabo de Santo Agostinho", "times": ["Domingos: 7h e 19h"]}
{"parish_name": "S\u00e3o Judas Tadeu", "location": "Cajueiro", "times": ["De quarta a sexta-feira: 19h", "S\u00e1bados: 19h", "Domingos: 7h e 19h"]}
{"parish_name": "S\u00e3o Louren\u00e7o M\u00e1rtir", "location": "Centro/S\u00e3o Louren\u00e7o da Mata", "times": ["S\u00e1bados: 19h", "Domingos: 7h; 11h; 17h30 e 19h30"]}
{"parish_name": "S\u00e3o Lucas", "location": "Ouro Preto/Olinda", "times": ["Quintas-feiras: 19h30", "Domingos: 7h e 19h"]}
{"parish_name": "S\u00e3o Miguel", "location": "Centro/Ipojuca", "times": ["De ter\u00e7a a sexta-feira: 19h", "Domingos: 6h; 8h30; 17h e 19h"]}
{"parish_name": "S\u00e3o Miguel Arcanjo", "location": "Abreu e Lima", "times": ["Segundas-feiras: 19h30", "S\u00e1bados: 19h30", "Domingos: 9h"]}
{"parish_name": "S\u00e3o Paulo Ap\u00f3stolo", "location": "Jardim S\u00e3o Paulo/Recife", "times": ["Quintas-feiras: 19h30", "S\u00e1bados: 19h", "Domingos: 7h; 11h30 e 18h"]}
{"parish_name": "S\u00e3o Pio X", "location": "Novo Centro/Camaragibe", "times": ["De ter\u00e7a a sexta-feira: 7h e 19h", "S\u00e1bados: 7h; 17h e 19h", "Domingos: 7h; 9h; 17h e 19h"]}
{"parish_name": "S\u00e3o Sebasti\u00e3o", "location": "Cohab/Moreno", "times": ["Quartas-feiras: 19h", "Domingos: 7h e 19h"]}
{"parish_name": "S\u00e3o Sebasti\u00e3o", "location": "Cordeiro/Recife", "times": ["De ter\u00e7a a sexta-feira: 19h", "S\u00e1bados: 19h", "Domingos: 6h; 8h e 19h", "Telefone: 3227-4483"]}
{"parish_name": "S\u00e3o Sebasti\u00e3o", "location": "Vasco da Gama/Recife", "times": ["Quartas-feiras e\u00a01\u00aa sexta-feira do m\u00eas: 19h30", "S\u00e1bados: 19h30", "Domingos: 8h e 19h30", "No\u00a04\u00ba domingo do m\u00eas: 16h (para os doentes)"]}
{"parish_name": "S\u00e3o Sebasti\u00e3o e S\u00e3o Crist\u00f3v\u00e3o", "location": "Imbiribeira/Recife", "times": ["Ter\u00e7as, quartas e quintas-feiras: 19", "Sextas-feiras: 16h30", "S\u00e1bados: 19h", "Domingos: 8h e 19h", "Telefone: 3039-1805"]}
